class,lesson,url,title,unit,unit_title,lesson_title
A,1,https://ebooksdl.cti.gr/view?item=20.500.14040/10999,Δουλειές που κάνω καθημερινά (Μέρος 1ο),1,Αλγοριθμική - Προγραμματισμός - Ρομποτική,Πώς λύνω ένα πρόβλημα
A,2,https://ebooksdl.cti.gr/view?item=20.500.14040/50220,Ποιο είναι πριν και ποιο μετά;(Παρουσίαση),1,Αλγοριθμική - Προγραμματισμός - Ρομποτική,Η σειρά έχει σημασία!
A,2,https://ebooksdl.cti.gr/view?item=20.500.14040/10995,Η σειρά έχει σημασία-Ετοιμάζω την τσάντα μου για το σχολείο,1,Αλγοριθμική - Προγραμματισμός - Ρομποτική,Η σειρά έχει σημασία!
A,2,https://ebooksdl.cti.gr/view?item=20.500.14040/10997,Η βαρκούλα,1,Αλγοριθμική - Προγραμματισμός - Ρομποτική,Η σειρά έχει σημασία!
A,2,https://ebooksdl.cti.gr/view?item=20.500.14040/10998,Σπιτάκι,1,Αλγοριθμική - Προγραμματισμός - Ρομποτική,Η σειρά έχει σημασία!
A,3,https://ebooksdl.cti.gr/view?item=20.500.14040/11000,Δίνοντας εντολές-ο σκίουρος,1,Αλγοριθμική - Προγραμματισμός - Ρομποτική,Φτιάχνω το πρώτο μου πρόγραμμα
A,4,https://ebooksdl.cti.gr/view?item=20.500.14040/10992,Βρες το μονοπάτι-η σαρανταποδαρούσα,1,Αλγοριθμική - Προγραμματισμός - Ρομποτική,Πού θα φτάσει η σαρανταποδαρούσα;
A,4,https://ebooksdl.cti.gr/view?item=20.500.14040/11008,Βρες το πρόγραμμα που ταιριάζει,1,Αλγοριθμική - Προγραμματισμός - Ρομποτική,Πού θα φτάσει η σαρανταποδαρούσα;
A,5,https://ebooksdl.cti.gr/view?item=20.500.14040/10994,Δίνοντας εντολές-το παπάκι,1,Αλγοριθμική - Προγραμματισμός - Ρομποτική,Σχεδιάζοντας το μονοπάτι
A,6,https://ebooksdl.cti.gr/view?item=20.500.14040/11003,Το πρώτο μου έργο στο ScratchJr,1,Αλγοριθμική - Προγραμματισμός - Ρομποτική,Προγραμματίζοντας τον υπολογιστή
A,6,https://ebooksdl.cti.gr/view?item=20.500.14040/11007,"ScratchJr-Το ίδιο αποτέλεσμα, Λιγότερες εντολές",1,Αλγοριθμική - Προγραμματισμός - Ρομποτική,Προγραμματίζοντας τον υπολογιστή
A,6,https://ebooksdl.cti.gr/view?item=20.500.14040/10993,Μαθαίνω να χρησιμοποιώ λιγότερες εντολές,1,Αλγοριθμική - Προγραμματισμός - Ρομποτική,Προγραμματίζοντας τον υπολογιστή
A,7,https://ebooksdl.cti.gr/view?item=20.500.14040/11006,Η πρώτη μου ιστορία στο ScratchJr,1,Αλγοριθμική - Προγραμματισμός - Ρομποτική,Η πρώτη μου ιστορία-ταξίδι στο φεγγάρι
A,7,https://ebooksdl.cti.gr/view?item=20.500.14040/11001,Η πρώτη μου ιστορία στο ScratchJr-Επέκταση,1,Αλγοριθμική - Προγραμματισμός - Ρομποτική,Η πρώτη μου ιστορία-ταξίδι στο φεγγάρι
A,7,https://ebooksdl.cti.gr/view?item=20.500.14040/10996,Παιχνίδι μνήμης με εντολές του ScratchJr,1,Αλγοριθμική - Προγραμματισμός - Ρομποτική,Η πρώτη μου ιστορία-ταξίδι στο φεγγάρι
A,7,https://ebooksdl.cti.gr/view?item=20.500.14040/11004,Ταίριαξε τις εντολές,1,Αλγοριθμική - Προγραμματισμός - Ρομποτική,Η πρώτη μου ιστορία-ταξίδι στο φεγγάρι
A,8,https://ebooksdl.cti.gr/view?item=20.500.14040/10994,Δίνοντας εντολές-το παπάκι,1,Αλγοριθμική - Προγραμματισμός - Ρομποτική,Μαθαίνω για τα ρομπότ
A,9,https://ebooksdl.cti.gr/view?item=20.500.14040/11002,Προγραμματίζω το ρομπότ-πασχαλίτσα(βίντεο),1,Αλγοριθμική - Προγραμματισμός - Ρομποτική,Προγραμμάτισε το ρομπότ-πασχαλίτσα
A,9,https://photodentro.edu.gr/v/item/ds/8521/11286,Βασικός προγραμματισμός ρομπότ(Φωτόδεντρο),1,Αλγοριθμική - Προγραμματισμός - Ρομποτική,Προγραμμάτισε το ρομπότ-πασχαλίτσα
A,10,https://ebooksdl.cti.gr/view?item=20.500.14040/10950,Άσκηση-Χρήση υπολογιστή Διαδραστική εικόνα-Τα είδη των υπολογιστών,2,Υπολογιστικά συστήματα-Ψηφιακές συσκευές-Δίκτυα,Ο Υπολογιστής
A,11,https://ebooksdl.cti.gr/view?item=20.500.14040/10954,Εικόνα-Υπολογιστής γραφείου,2,Υπολογιστικά συστήματα-Ψηφιακές συσκευές-Δίκτυα,Οι συσκευές του υπολογιστή
A,11,https://ebooksdl.cti.gr/view?item=20.500.14040/10956,Κουίζ-Ο υπολογιστής και οι συσκευές του,2,Υπολογιστικά συστήματα-Ψηφιακές συσκευές-Δίκτυα,Οι συσκευές του υπολογιστή
A,11,https://ebooksdl.cti.gr/view?item=20.500.14040/10967,Άσκηση-Ονόματα συσκευών υπολογιστή,2,Υπολογιστικά συστήματα-Ψηφιακές συσκευές-Δίκτυα,Οι συσκευές του υπολογιστή
A,12,https://ebooksdl.cti.gr/view?item=20.500.14040/10955,Βίντεο tutorial-Άνοιγμα εφαρμογής,2,Υπολογιστικά συστήματα-Ψηφιακές συσκευές-Δίκτυα,Πώς χρησιμοποιώ τον υπολογιστή
A,12,https://ebooksdl.cti.gr/view?item=20.500.14040/10951,Βίντεο tutorial-Κλείσιμο εφαρμογής,2,Υπολογιστικά συστήματα-Ψηφιακές συσκευές-Δίκτυα,Πώς χρησιμοποιώ τον υπολογιστή
A,13,https://ebooksdl.cti.gr/view?item=20.500.14040/10984,Βίντεο-Δίκτυα υπολογιστών,2,Υπολογιστικά συστήματα-Ψηφιακές συσκευές-Δίκτυα,Δίκτυα υπολογιστών
A,14,https://ebooksdl.cti.gr/view?item=20.500.14040/10980,Διαδραστική εικόνα-Αποστολή ηλεκτρονικού μηνύματος(e-mail),2,Υπολογιστικά συστήματα-Ψηφιακές συσκευές-Δίκτυα,Τα ψηφιακά δίκτυα στη ζωή μας
A,15,https://ebooksdl.cti.gr/view?item=20.500.14040/10949,Διαδραστική εικόνα-Αρχείο ή Φάκελος,3,Δεδομένα και ανάλυση δεδομένων,Αρχεία και Φάκελοι
A,15,https://ebooksdl.cti.gr/view?item=20.500.14040/10953,Κουίζ-Αρχεία,3,Δεδομένα και ανάλυση δεδομένων,Αρχεία και Φάκελοι
A,16,https://ebooksdl.cti.gr/view?item=20.500.14040/10988,Βίντεο-Πώς αποθηκεύω σε αρχείο,3,Δεδομένα και ανάλυση δεδομένων,Αποθήκευση και αρχεία
A,17,https://ebooksdl.cti.gr/view?item=20.500.14040/10987,Άσκηση-Συνδέω έναν απλό εννοιολογικό χάρτη,3,Δεδομένα και ανάλυση δεδομένων,Ο πρώτος μου εννοιολογικός χάρτης
A,17,https://ebooksdl.cti.gr/view?item=20.500.14040/10985,Άσκηση-Συνδέω τον εννοιολογικό χάρτη,3,Δεδομένα και ανάλυση δεδομένων,Ο πρώτος μου εννοιολογικός χάρτης
A,17,https://ebooksdl.cti.gr/view?item=20.500.14040/10991,Άσκηση-Ταιριάζω προτάσεις με εννοιολογικούς χάρτες,3,Δεδομένα και ανάλυση δεδομένων,Ο πρώτος μου εννοιολογικός χάρτης
A,17,https://ebooksdl.cti.gr/view?item=20.500.14040/10990,Βίντεο-Ζωγραφίζω τον πρώτο μου εννοιολογικό χάρτη,3,Δεδομένα και ανάλυση δεδομένων,Ο πρώτος μου εννοιολογικός χάρτης
A,18,https://ebooksdl.cti.gr/view?item=20.500.14040/10986,Συνδέω τον εννοιολογικό χάρτη,3,Δεδομένα και ανάλυση δεδομένων,Μεγαλώνω τον εννοιολογικό μου χάρτη
A,19,https://ebooksdl.cti.gr/view?item=20.500.14040/10960,Αφίσα-Το πρώτο ποντίκι του υπολογιστή,4,Ψηφιακός γραμματισμός,Μαθαίνω το ποντίκι
A,19,https://ebooksdl.cti.gr/view?item=20.500.14040/10972,Αφίσα-Το ποντίκι του υπολογιστή,4,Ψηφιακός γραμματισμός,Μαθαίνω το ποντίκι
A,19,https://ebooksdl.cti.gr/view?item=20.500.14040/10966,Εξερεύνηση-Το ποντίκι του υπολογιστή,4,Ψηφιακός γραμματισμός,Μαθαίνω το ποντίκι
A,19,https://ebooksdl.cti.gr/view?item=20.500.14040/10963,Δραστηριότητα-Κατασκευάζω το δικό μου ποντίκι,4,Ψηφιακός γραμματισμός,Μαθαίνω το ποντίκι
A,20,https://ebooksdl.cti.gr/view?item=20.500.14040/11224,Αφίσα-Ο δείκτης,4,Ψηφιακός γραμματισμός,Ο δείκτης του ποντικιού
A,20,https://ebooksdl.cti.gr/view?item=20.500.14040/10970,Παιχνίδι-Μαζεύω τα φρούτα,4,Ψηφιακός γραμματισμός,Ο δείκτης του ποντικιού
A,21,https://ebooksdl.cti.gr/view?item=20.500.14040/10961,Εξάσκηση-Μονό κλικ,4,Ψηφιακός γραμματισμός,Κάνω κλικ με το ποντίκι του υπολογιστή
A,21,https://ebooksdl.cti.gr/view?item=20.500.14040/10976,Εξάσκηση-Διπλό κλικ,4,Ψηφιακός γραμματισμός,Κάνω κλικ με το ποντίκι του υπολογιστή
A,21,https://ebooksdl.cti.gr/view?item=20.500.14040/10977,Παιχνίδι-Κάρτες μνήμης,4,Ψηφιακός γραμματισμός,Κάνω κλικ με το ποντίκι του υπολογιστή
A,22,https://ebooksdl.cti.gr/view?item=20.500.14040/10964,Εξάσκηση-Δεξί κλικ,4,Ψηφιακός γραμματισμός,"Το δεξί κλικ, η ροδέλα κύλισης και η ενέργεια ""σύρε"""
A,22,https://ebooksdl.cti.gr/view?item=20.500.14040/10978,Εξάσκηση-Ροδέλα κύλισης,4,Ψηφιακός γραμματισμός,"Το δεξί κλικ, η ροδέλα κύλισης και η ενέργεια ""σύρε"""
A,22,https://ebooksdl.cti.gr/view?item=20.500.14040/11223,Παιχνίδι Παζλ,4,Ψηφιακός γραμματισμός,"Το δεξί κλικ, η ροδέλα κύλισης και η ενέργεια ""σύρε"""
A,22,https://ebooksdl.cti.gr/view?item=20.500.14040/11009,Παρουσίαση-Το ποντίκι του υπολογιστή,4,Ψηφιακός γραμματισμός,"Το δεξί κλικ, η ροδέλα κύλισης και η ενέργεια ""σύρε"""
A,23,https://ebooksdl.cti.gr/view?item=20.500.14040/11222,Αφίσα-Η διάταξη των πλήκτρων,4,Ψηφιακός γραμματισμός,Γνωρίζω το πληκτρολόγιο
A,23,https://ebooksdl.cti.gr/view?item=20.500.14040/10968,Παιχνίδι-Παζλ για το πληκτρολόγιο,4,Ψηφιακός γραμματισμός,Γνωρίζω το πληκτρολόγιο
A,23,https://ebooksdl.cti.gr/view?item=20.500.14040/10943,Βίντεο-Ο κέρσορας,4,Ψηφιακός γραμματισμός,Γνωρίζω το πληκτρολόγιο
A,24,https://ebooksdl.cti.gr/view?item=20.500.14040/10942,Εξερεύνηση-Σβήνω με το backspace,4,Ψηφιακός γραμματισμός,Πληκτρολογώ κεφαλαία γράμματα και αριθμούς
A,24,https://ebooksdl.cti.gr/view?item=20.500.14040/10965,Άσκηση-Εισάγω γράμματα και αριθμούς,4,Ψηφιακός γραμματισμός,Πληκτρολογώ κεφαλαία γράμματα και αριθμούς
A,25,https://ebooksdl.cti.gr/view?item=20.500.14040/10962,Άσκηση-Γράφω απλές λέξεις,4,Ψηφιακός γραμματισμός,Γ ράφω τις πρώτες μου λέξεις με το πληκτρολόγιο
A,25,https://ebooksdl.cti.gr/view?item=20.500.14040/10979,Αφίσα-Το πληκτρολόγιο για Α τάξη,4,Ψηφιακός γραμματισμός,Γ ράφω τις πρώτες μου λέξεις με το πληκτρολόγιο
A,25,https://ebooksdl.cti.gr/view?item=20.500.14040/10981,Παρουσίαση-Το πληκτρολόγιο για Α τάξη,4,Ψηφιακός γραμματισμός,Γ ράφω τις πρώτες μου λέξεις με το πληκτρολόγιο
A,25,https://ebooksdl.cti.gr/view?item=20.500.14040/10959,Κουίζ-Αναγνωρίζω τα πλήκτρα,4,Ψηφιακός γραμματισμός,Γ ράφω τις πρώτες μου λέξεις με το πληκτρολόγιο
A,25,https://ebooksdl.cti.gr/view?item=20.500.14040/10982,Εξερεύνηση-Το πληκτρολόγιο για Α τάξη,4,Ψηφιακός γραμματισμός,Γ ράφω τις πρώτες μου λέξεις με το πληκτρολόγιο
A,26,https://ebooksdl.cti.gr/view?item=20.500.14040/10969,Ιστοσελίδα για τα ζώα,4,Ψηφιακός γραμματισμός,Ιστοσελίδες και ιστότοποι
A,26,https://ebooksdl.cti.gr/view?item=20.500.14040/10971,Αφίσα-Κύλιση σε ιστοσελίδες,4,Ψηφιακός γραμματισμός,Ιστοσελίδες και ιστότοποι
A,26,https://ebooksdl.cti.gr/view?item=20.500.14040/10945,Παρουσίαση-Ο υπερσύνδεσμος,4,Ψηφιακός γραμματισμός,Ιστοσελίδες και ιστότοποι
A,26,https://ebooksdl.cti.gr/view?item=20.500.14040/10983,Εξερεύνηση-Το κουμπί πίσω στους φυλλομετρητές,4,Ψηφιακός γραμματισμός,Ιστοσελίδες και ιστότοποι
A,26,https://ebooksdl.cti.gr/view?item=20.500.14040/10969,Ιστοσελίδα για τα ζώα,4,Ψηφιακός γραμματισμός,Ιστοσελίδες και ιστότοποι
A,27,https://ebooksdl.cti.gr/view?item=20.500.14040/10940,Βίντεο-Προσθήκη σελιδοδείκτη,4,Ψηφιακός γραμματισμός,Σελιδοδείκτες και σχολιασμός σε ιστοσελίδες
A,27,https://ebooksdl.cti.gr/view?item=20.500.14040/10973,Εξάσκηση-Προσθήκη σελιδοδείκτη,4,Ψηφιακός γραμματισμός,Σελιδοδείκτες και σχολιασμός σε ιστοσελίδες
A,28,https://ebooksdl.cti.gr/view?item=20.500.14040/10941,Εξερεύνηση-Εργαλεία ζωγραφικής,4,Ψηφιακός γραμματισμός,Η πρώτη μου ζωγραφιά
A,28,https://ebooksdl.cti.gr/view?item=20.500.14040/10957,Εφαρμογή ζωγραφικής,4,Ψηφιακός γραμματισμός,Η πρώτη μου ζωγραφιά
A,28,https://ebooksdl.cti.gr/view?item=20.500.14040/10946,Βίντεο-Βασικά εργαλεία ζωγραφικής,4,Ψηφιακός γραμματισμός,Η πρώτη μου ζωγραφιά
A,29,https://ebooksdl.cti.gr/view?item=20.500.14040/10947,Βίντεο-Περισσότερα εργαλεία ζωγραφικής,4,Ψηφιακός γραμματισμός,Περισσότερα εργαλεία στο μάθημα της ζωγραφικής
A,30,https://ebooksdl.cti.gr/view?item=20.500.14040/10958,Παιχνίδι-Το ψηφιακό επιτραπέζιο για τον προγραμματισμό,4,Ψηφιακός γραμματισμός,Το Φωτόδεντρο και η Εκπαιδευτική τηλεόραση
B,1,https://ebooksdl.cti.gr/view?item=20.500.14040/11057,Επαναλήψεις στη φύση,1,Αλγοριθμική - Προγραμματισμός - Ρομποτική,Επαναλήψεις
B,2,https://ebooksdl.cti.gr/view?item=20.500.14040/11068,Παιχνίδι-Ανακάλυψε το μοτίβο,1,Αλγοριθμική - Προγραμματισμός - Ρομποτική,Ανακάλυψε το μοτίβο
B,2,https://ebooksdl.cti.gr/view?item=20.500.14040/11056,Επαναλήψεις στην τέχνη,1,Αλγοριθμική - Προγραμματισμός - Ρομποτική,Ανακάλυψε το μοτίβο
B,3,https://ebooksdl.cti.gr/view?item=20.500.14040/11063,Άσκηση αντιστοίχισης-Η εντολή επανάληψης,1,Αλγοριθμική - Προγραμματισμός - Ρομποτική,Η εντολή επανάληψης
B,4,https://ebooksdl.cti.gr/view?item=20.500.14040/11067,Άσκηση αντιστοίχισης-Βρίσκω το μοτίβο της επανάληψης,1,Αλγοριθμική - Προγραμματισμός - Ρομποτική,Μοτίβα και εντολή επανάληψης
B,5,https://ebooksdl.cti.gr/view?item=20.500.14040/11064,Άσκηση αντιστοίχισης-Μαθαίνω την εντολή επανάληψης,1,Αλγοριθμική - Προγραμματισμός - Ρομποτική,Διαβάζω και διορθώνω προγράμματα με την εντολή επανάληψης
B,5,https://ebooksdl.cti.gr/view?item=20.500.14040/11058,Άσκηση απλής επιλογής-Βρες το σωστό πρόγραμμα,1,Αλγοριθμική - Προγραμματισμός - Ρομποτική,Διαβάζω και διορθώνω προγράμματα με την εντολή επανάληψης
B,6,https://ebooksdl.cti.gr/view?item=20.500.14040/11060,Βίντεο-Εντολή επανάληψης στο ScratchJr,1,Αλγοριθμική - Προγραμματισμός - Ρομποτική,Προγραμματίζω με την εντολή επανάληψης
B,6,https://ebooksdl.cti.gr/view?item=20.500.14040/11054,Βίντεο-Εντολή επανάληψης στο ScratchJr(συνέχεια),1,Αλγοριθμική - Προγραμματισμός - Ρομποτική,Προγραμματίζω με την εντολή επανάληψης
B,7,https://ebooksdl.cti.gr/view?item=20.500.14040/11059,Διαδραστική εικόνα-Το περιβάλλον προγραμματισμού ScratchJr,1,Αλγοριθμική - Προγραμματισμός - Ρομποτική,Πάρτι χορού
B,7,https://ebooksdl.cti.gr/view?item=20.500.14040/11053,Βίντεο-Πάρτι χορού στο ScratchJr,1,Αλγοριθμική - Προγραμματισμός - Ρομποτική,Πάρτι χορού
B,7,https://ebooksdl.cti.gr/view?item=20.500.14040/11061,Παιχνίδι μνήμης με εντολές του ScratchJr,1,Αλγοριθμική - Προγραμματισμός - Ρομποτική,Πάρτι χορού
B,7,https://ebooksdl.cti.gr/view?item=20.500.14040/11069,Σταυρόλεξο προγραμματισμού,1,Αλγοριθμική - Προγραμματισμός - Ρομποτική,Πάρτι χορού
B,8,https://ebooksdl.cti.gr/view?item=20.500.14040/11055,Βίντεο-Γνωρίζω το micro:bit,1,Αλγοριθμική - Προγραμματισμός - Ρομποτική,Γνωρίζω το micro:bit
B,9,https://ebooksdl.cti.gr/view?item=20.500.14040/11062,Βίντεο-Εισαγωγή στα γεγονότα,1,Αλγοριθμική - Προγραμματισμός - Ρομποτική,Τα γεγονότα
B,9,https://ebooksdl.cti.gr/view?item=20.500.14040/11066,Άσκηση κατηγοριοποίησης-Κατηγορίες εντολών,1,Αλγοριθμική - Προγραμματισμός - Ρομποτική,Τα γεγονότα
B,10,https://ebooksdl.cti.gr/view?item=20.500.14040/11017,Εικόνα-Επαγγέλματα με υπολογιστή,2,Υπολογιστικά συστήματα - Ψηφιακές συσκευές - Δίκτυα,Ο υπολογιστής στη ζωή μας
B,10,https://ebooksdl.cti.gr/view?item=20.500.14040/11018,Εικόνα-Αισθητήρες,2,Υπολογιστικά συστήματα - Ψηφιακές συσκευές - Δίκτυα,Ο υπολογιστής στη ζωή μας
B,11,https://ebooksdl.cti.gr/view?item=20.500.14040/11016,Εικόνα-Δυαδικό ψηφίο,2,Υπολογιστικά συστήματα - Ψηφιακές συσκευές - Δίκτυα,Ο υπολογιστής είναι ψηφιακή συσκευή
B,11,https://ebooksdl.cti.gr/view?item=20.500.14040/11022,Βίντεο-Δεδομένα,2,Υπολογιστικά συστήματα - Ψηφιακές συσκευές - Δίκτυα,Ο υπολογιστής είναι ψηφιακή συσκευή
B,12,https://ebooksdl.cti.gr/view?item=20.500.14040/11020,Παιχνίδι-Οι συσκευές του υπολογιστή,2,Υπολογιστικά συστήματα - Ψηφιακές συσκευές - Δίκτυα,Οι συσκευές του υπολογιστή
B,13,https://ebooksdl.cti.gr/view?item=20.500.14040/11015,Παιχνίδι-Εφαρμογή-Φάκελος-Αρχείο,2,Υπολογιστικά συστήματα - Ψηφιακές συσκευές - Δίκτυα,Πώς χρησιμοποιώ τις εφαρμογές του υπολογιστή
B,13,https://ebooksdl.cti.gr/view?item=20.500.14040/11014,Διαδραστική εικόνα-Παράθυρο,2,Υπολογιστικά συστήματα - Ψηφιακές συσκευές - Δίκτυα,Πώς χρησιμοποιώ τις εφαρμογές του υπολογιστή
B,14,https://ebooksdl.cti.gr/view?item=20.500.14040/11072,Εκπαιδευτικό παιχνίδι-Διαδίκτυο-υπηρεσίες,2,Υπολογιστικά συστήματα - Ψηφιακές συσκευές - Δίκτυα,Το Διαδίκτυο:ένα μεγάλο δίκτυο υπολογιστών
B,14,https://ebooksdl.cti.gr/view?item=20.500.14040/11071,Εννοιολογικός χάρτης,2,Υπολογιστικά συστήματα - Ψηφιακές συσκευές - Δίκτυα,Το Διαδίκτυο:ένα μεγάλο δίκτυο υπολογιστών
B,15,https://ebooksdl.cti.gr/view?item=20.500.14040/11024,Άσκηση-Κρυπτόλεξο με αρχεία και συσκευές,3,Δεδομένα και ανάλυση δεδομένων,Αποθήκευση και άνοιγμα αρχείων
B,15,https://ebooksdl.cti.gr/view?item=20.500.14040/11021,Άσκηση-Δημιουργία αρχείων,3,Δεδομένα και ανάλυση δεδομένων,Αποθήκευση και άνοιγμα αρχείων
B,15,https://ebooksdl.cti.gr/view?item=20.500.14040/11025,Διαδραστική εικόνα-Άνοιγμα αρχείου,3,Δεδομένα και ανάλυση δεδομένων,Αποθήκευση και άνοιγμα αρχείων
B,16,https://ebooksdl.cti.gr/view?item=20.500.14040/11019,Διαδραστική εικόνα-Αρχεία και φάκελοι,3,Δεδομένα και ανάλυση δεδομένων,Αποθήκευση αρχείων σε φακέλους
B,16,https://ebooksdl.cti.gr/view?item=20.500.14040/11023,Κυνήγι θησαυρού με αρχεία και φακέλους,3,Δεδομένα και ανάλυση δεδομένων,Αποθήκευση αρχείων σε φακέλους
B,17,https://ebooksdl.cti.gr/view?item=20.500.14040/11052,Σταυρόλεξο για τον εννοιολογικό χάρτη,3,Δεδομένα και ανάλυση δεδομένων,Ο πρώτος μου εννοιολογικός χάρτης με τον υπολογιστή
B,17,https://ebooksdl.cti.gr/view?item=20.500.14040/11051,Ο πρώτος μου εννοιολογικός χάρτης στον υπολογιστή,3,Δεδομένα και ανάλυση δεδομένων,Ο πρώτος μου εννοιολογικός χάρτης με τον υπολογιστή
B,18,https://ebooksdl.cti.gr/view?item=20.500.14040/11048,Καταλαβαίνω τον εννοιολογικό χάρτη,3,Δεδομένα και ανάλυση δεδομένων,Ο δεύτερος εννοιολογικός μου χάρτης με τον υπολογιστή
B,18,https://ebooksdl.cti.gr/view?item=20.500.14040/11050,Συναρμολογώ έναν εννοιολογικό χάρτη,3,Δεδομένα και ανάλυση δεδομένων,Ο δεύτερος εννοιολογικός μου χάρτης με τον υπολογιστή
B,19,https://ebooksdl.cti.gr/view?item=20.500.14040/11037,Κάρτες μνήμης για φυλλομετρητές,4,Ψηφιακός γραμματισμός,Ο φυλλομετρητής
B,19,https://ebooksdl.cti.gr/view?item=20.500.14040/11049,Το περιβάλλον ενός φυλλομετρητή,4,Ψηφιακός γραμματισμός,Ο φυλλομετρητής
B,19,https://ebooksdl.cti.gr/view?item=20.500.14040/11044,Κρυπτόλεξο για το περιβάλλον του φυλλομετρητή,4,Ψηφιακός γραμματισμός,Ο φυλλομετρητής
B,20,https://ebooksdl.cti.gr/view?item=20.500.14040/11034,Εικόνα-Τι περιέχει μια ιστοσελίδα,4,Ψηφιακός γραμματισμός,Οι ψηφιακοί πόροι μιας ιστοσελίδας
B,20,https://ebooksdl.cti.gr/view?item=20.500.14040/11042,Στοιχεία ιστοσελίδας,4,Ψηφιακός γραμματισμός,Οι ψηφιακοί πόροι μιας ιστοσελίδας
B,20,https://ebooksdl.cti.gr/view?item=20.500.14040/11046,Κουίζ για τους ψηφιακούς πόρους,4,Ψηφιακός γραμματισμός,Οι ψηφιακοί πόροι μιας ιστοσελίδας
B,21,https://ebooksdl.cti.gr/view?item=20.500.14040/11029,Βίντεο-Πώς βάζω τόνο,4,Ψηφιακός γραμματισμός,Εντοπίζω περισσότερους χαρακτήρες στο πληκτρολόγιο
B,21,https://ebooksdl.cti.gr/view?item=20.500.14040/11041,Διαδραστικό πληκτρολόγιο για τη Β' τάξη,4,Ψηφιακός γραμματισμός,Εντοπίζω περισσότερους χαρακτήρες στο πληκτρολόγιο
B,21,https://ebooksdl.cti.gr/view?item=20.500.14040/43799,Πληκτρολογώ γράμματα τονισμένα,4,Ψηφιακός γραμματισμός,Εντοπίζω περισσότερους χαρακτήρες στο πληκτρολόγιο
B,21,https://ebooksdl.cti.gr/view?item=20.500.14040/11040,Πληκτρολογώ απλές λέξεις,4,Ψηφιακός γραμματισμός,Εντοπίζω περισσότερους χαρακτήρες στο πληκτρολόγιο
B,21,https://ebooksdl.cti.gr/view?item=20.500.14040/11036,Αντιγράφω ένα μικρό κείμενο,4,Ψηφιακός γραμματισμός,Εντοπίζω περισσότερους χαρακτήρες στο πληκτρολόγιο
B,22,https://ebooksdl.cti.gr/view?item=20.500.14040/11031,Αφίσα-Το πληκτρολόγιο,4,Ψηφιακός γραμματισμός,Γράφω περισσότερα στον υπολογιστή
B,22,https://ebooksdl.cti.gr/view?item=20.500.14040/11026,Εφαρμογή κειμενογράφου,4,Ψηφιακός γραμματισμός,Γράφω περισσότερα στον υπολογιστή
B,23,https://ebooksdl.cti.gr/view?item=20.500.14040/11227,Βίντεο-Επεξεργασία αντικειμένων,4,Ψηφιακός γραμματισμός,Επεξεργάζομαι αντικείμενα με το ποντίκι
B,23,https://ebooksdl.cti.gr/view?item=20.500.14040/11225,Κουίζ για την εμφάνιση δείκτη,4,Ψηφιακός γραμματισμός,Επεξεργάζομαι αντικείμενα με το ποντίκι
B,23,https://ebooksdl.cti.gr/view?item=20.500.14040/11226,Εφαρμογή επεξεργασίας αντικειμένου,4,Ψηφιακός γραμματισμός,Επεξεργάζομαι αντικείμενα με το ποντίκι
B,24,https://ebooksdl.cti.gr/view?item=20.500.14040/11027,Αφίσα για τα εργαλεία του TuxPaint,4,Ψηφιακός γραμματισμός,Χειρίζομαι περισσότερα αντικείμενα στη ζωγραφική
B,24,https://ebooksdl.cti.gr/view?item=20.500.14040/11047,Περισσότερα για τα εργαλεία του TuxPaint,4,Ψηφιακός γραμματισμός,Χειρίζομαι περισσότερα αντικείμενα στη ζωγραφική
B,24,https://ebooksdl.cti.gr/view?item=20.500.14040/11032,Σχεδιάζω το emoticon,4,Ψηφιακός γραμματισμός,Χειρίζομαι περισσότερα αντικείμενα στη ζωγραφική
B,24,https://ebooksdl.cti.gr/view?item=20.500.14040/11028,Χρωματίζω τα κουτάκια,4,Ψηφιακός γραμματισμός,Χειρίζομαι περισσότερα αντικείμενα στη ζωγραφική
B,25,https://ebooksdl.cti.gr/view?item=20.500.14040/11010,Βίντεο-Σύνδεση στην e-me,4,Ψηφιακός γραμματισμός,Η ψηφιακή πλατφόρμα e-me
B,25,https://ebooksdl.cti.gr/view?item=20.500.14040/11045,Το περιβάλλον της e-me,4,Ψηφιακός γραμματισμός,Η ψηφιακή πλατφόρμα e-me
B,25,https://ebooksdl.cti.gr/view?item=20.500.14040/11035,Κάρτες μνήμης για την e-me,4,Ψηφιακός γραμματισμός,Η ψηφιακή πλατφόρμα e-me
B,26,https://ebooksdl.cti.gr/view?item=20.500.14040/11043,Η κυψέλη της e-me,4,Ψηφιακός γραμματισμός,"Η ψηφιακή πλατφόρμα e-me-Κυψέλη, τοίχος και εκπαιδευτικό περιεχόμενο"
B,26,https://ebooksdl.cti.gr/view?item=20.500.14040/11039,Ο τοίχος της κυψέλης,4,Ψηφιακός γραμματισμός,"Η ψηφιακή πλατφόρμα e-me-Κυψέλη, τοίχος και εκπαιδευτικό περιεχόμενο"
B,27,https://ebooksdl.cti.gr/view?item=20.500.14040/11030,Κρυπτόλεξο για το ηλεκτρονικό μήνυμα,4,Ψηφιακός γραμματισμός,Ηλεκτρονικά μηνύματα
B,27,https://ebooksdl.cti.gr/view?item=20.500.14040/11038,Κρυπτόλεξο για την e-me,4,Ψηφιακός γραμματισμός,Ηλεκτρονικά μηνύματα
B,28,https://ebooksdl.cti.gr/view?item=20.500.14040/11033,Στέλνω ένα μήνυμα στην e-me,4,Ψηφιακός γραμματισμός,Λαμβάνω και στέλνω ηλεκτρονικά μηνύματα στην e-me
B,29,https://ebooksdl.cti.gr/view?item=20.500.14040/11011,Παίξε το ψηφιακό κρυπτόλεξο,4,Ψηφιακός γραμματισμός,Τα διαδραστικά βιβλία
B,30,https://ebooksdl.cti.gr/view?item=20.500.14040/11070,Εικόνα διαδραστική-Ψηφιακή πολιτειότητα,5,Ψηφιακές τεχνολογίες και κοινωνία,Ψηφιακή πολιτειότητα
B,30,https://ebooksdl.cti.gr/view?item=20.500.14040/11012,Τεστ αξιολόγησης-Ψηφιακή πολιτειότητα,5,Ψηφιακές τεχνολογίες και κοινωνία,Ψηφιακή πολιτειότητα
C,1,https://ebooksdl.cti.gr/view?item=20.500.14040/11122,Άσκηση αντιστοίχισης-Ο Θησέας στον λαβύρινθο,1,Αλγοριθμική - Προγραμματισμός - Ρομποτική,Συνθήκες και αποφάσεις
C,1,https://ebooksdl.cti.gr/handle/20.500.14040/11131,Άσκηση αντιστοίχισης-Επιτραπέζιο παιχνίδι,1,Αλγοριθμική - Προγραμματισμός - Ρομποτική,Συνθήκες και αποφάσεις
C,2,https://ebooksdl.cti.gr/view?item=20.500.14040/11124,Άσκηση απλής επιλογής-Αλήθεια ή ψέματα;,1,Αλγοριθμική - Προγραμματισμός - Ρομποτική,Αλήθεια ή ψέματα;
C,2,https://ebooksdl.cti.gr/handle/20.500.14040/11123,Άσκηση απλής επιλογής-Θεοί και Θεές του Ολύμπου,1,Αλγοριθμική - Προγραμματισμός - Ρομποτική,Αλήθεια ή ψέματα;
C,3,https://ebooksdl.cti.gr/view?item=20.500.14040/11128,Άσκηση αντιστοίχισης-Διαγράμματα ροής,1,Αλγοριθμική - Προγραμματισμός - Ρομποτική,Οι υπολογιστές παίρνουν αποφάσεις
C,4,https://ebooksdl.cti.gr/view?item=20.500.14040/11129,Άσκηση αντιστοίχισης-Περιβάλλον προγραμματισμού Scratch,1,Αλγοριθμική - Προγραμματισμός - Ρομποτική,Γνωριμία με το περιβάλλον του Scratch
C,4,https://ebooksdl.cti.gr/view?item=20.500.14040/11133,Βίντεο-Γνωριμία με το περιβάλλον του Scratch,1,Αλγοριθμική - Προγραμματισμός - Ρομποτική,Γνωριμία με το περιβάλλον του Scratch
C,5,https://ebooksdl.cti.gr/view?item=20.500.14040/11121,Εντολή επιλογής στο scratch(Μέρος Α'),1,Αλγοριθμική - Προγραμματισμός - Ρομποτική,Εντολή επιλογής στο Scratch(Μέρος Α')
C,6,https://ebooksdl.cti.gr/view?item=20.500.14040/11130,Βίντεο-Εντολή επιλογής στο scratch(Μέρος Β'),1,Αλγοριθμική - Προγραμματισμός - Ρομποτική,Εντολή επιλογής στο Scratch(Μέρος Β ')
C,6,https://ebooksdl.cti.gr/view?item=20.500.14040/11134,Άσκηση κατηγοριοποίησης-Γνωριμία με τις εντολές του Scratch,1,Αλγοριθμική - Προγραμματισμός - Ρομποτική,Εντολή επιλογής στο Scratch(Μέρος Β ')
C,7,https://ebooksdl.cti.gr/view?item=20.500.14040/11119,Βίντεο-Γνωριμία με το ρομπότ εδάφους,1,Αλγοριθμική - Προγραμματισμός - Ρομποτική,Γνωριμία με το ρομπότ εδάφους Edison
C,7,https://ebooksdl.cti.gr/view?item=20.500.14040/11137,Βίντεο-Παιχνίδι με το ρομπότ εδάφους 1,1,Αλγοριθμική - Προγραμματισμός - Ρομποτική,Γνωριμία με το ρομπότ εδάφους Edison
C,8,https://ebooksdl.cti.gr/view?item=20.500.14040/43682,Παιχνίδι-Αποφεύγοντας τα εμπόδια,1,Αλγοριθμική - Προγραμματισμός - Ρομποτική,Παιχνίδι με το ρομπότ: Παγίδευσε το ρομπότ σου
C,8,https://ebooksdl.cti.gr/view?item=20.500.14040/11132,Βίντεο-Παιχνίδι με το ρομπότ εδάφους 2,1,Αλγοριθμική - Προγραμματισμός - Ρομποτική,Παιχνίδι με το ρομπότ: Παγίδευσε το ρομπότ σου
C,8,https://ebooksdl.cti.gr/view?item=20.500.14040/11135,Κατηγορίες εντολών,1,Αλγοριθμική - Προγραμματισμός - Ρομποτική,Παιχνίδι με το ρομπότ: Παγίδευσε το ρομπότ σου
C,8,https://ebooksdl.cti.gr/view?item=20.500.14040/11120,Σταυρόλεξο,1,Αλγοριθμική - Προγραμματισμός - Ρομποτική,Παιχνίδι με το ρομπότ: Παγίδευσε το ρομπότ σου
C,8,https://ebooksdl.cti.gr/view?item=20.500.14040/11127,Εντολές του ρομπότ,1,Αλγοριθμική - Προγραμματισμός - Ρομποτική,Παιχνίδι με το ρομπότ: Παγίδευσε το ρομπότ σου
C,8,https://ebooksdl.cti.gr/view?item=20.500.14040/11125,Παιχνίδι,1,Αλγοριθμική - Προγραμματισμός - Ρομποτική,Παιχνίδι με το ρομπότ: Παγίδευσε το ρομπότ σου
C,8,https://ebooksdl.cti.gr/view?item=20.500.14040/11126,Βίντεο-Οδηγίες παιχνιδιού,1,Αλγοριθμική - Προγραμματισμός - Ρομποτική,Παιχνίδι με το ρομπότ: Παγίδευσε το ρομπότ σου
C,9,https://ebooksdl.cti.gr/view?item=20.500.14040/11079,Εικόνα-Δυαδικό ψηφίο και ψηφιολέξη,2,Υπολογιστικά συστήματα - Ψηφιακές συσκευές - Δίκτυα,Πώς αποθηκεύεται η ψηφιακή εικόνα
C,9,https://ebooksdl.cti.gr/view?item=20.500.14040/11087,Εικόνα-Ανάλυση εικόνας,2,Υπολογιστικά συστήματα - Ψηφιακές συσκευές - Δίκτυα,Πώς αποθηκεύεται η ψηφιακή εικόνα
C,9,https://ebooksdl.cti.gr/view?item=20.500.14040/11081,Εικόνα-Κωδικοποίηση εικόνας,2,Υπολογιστικά συστήματα - Ψηφιακές συσκευές - Δίκτυα,Πώς αποθηκεύεται η ψηφιακή εικόνα
C,9,https://ebooksdl.cti.gr/view?item=20.500.14040/11077,Εφαρμογή-Δημιουργία ψηφιακής εικόνας,2,Υπολογιστικά συστήματα - Ψηφιακές συσκευές - Δίκτυα,Πώς αποθηκεύεται η ψηφιακή εικόνα
C,10,https://ebooksdl.cti.gr/view?item=20.500.14040/11084,Διαδραστική εικόνα-Τα εξαρτήματα και οι συσκευές του υπολογιστή,2,Υπολογιστικά συστήματα - Ψηφιακές συσκευές - Δίκτυα,Τα εξαρτήματα και οι συσκευές του υπολογιστή
C,10,https://ebooksdl.cti.gr/view?item=20.500.14040/11080,Διαδραστική εικόνα-Σύνδεση με καλώδια,2,Υπολογιστικά συστήματα - Ψηφιακές συσκευές - Δίκτυα,Τα εξαρτήματα και οι συσκευές του υπολογιστή
C,10,https://ebooksdl.cti.gr/view?item=20.500.14040/11086,Παιχνίδι-Ψηφιακή κατασκήνωση,2,Υπολογιστικά συστήματα - Ψηφιακές συσκευές - Δίκτυα,Τα εξαρτήματα και οι συσκευές του υπολογιστή
C,12,https://ebooksdl.cti.gr/view?item=20.500.14040/11138,Τεστ αξιολόγησης-Δικτύωση Η/Υ και ψηφιακών συσκευών,2,Υπολογιστικά συστήματα - Ψηφιακές συσκευές - Δίκτυα,Η δικτύωση υπολογιστών και ψηφιακών συσκευών
C,12,https://ebooksdl.cti.gr/view?item=20.500.14040/11143,Τεστ αξιολόγησης-Δικτύωση Η/Υ και ψηφιακών συσκευών(Ερωτήσεις Σ/Λ),2,Υπολογιστικά συστήματα - Ψηφιακές συσκευές - Δίκτυα,Η δικτύωση υπολογιστών και ψηφιακών συσκευών
C,13,https://ebooksdl.cti.gr/view?item=20.500.14040/11139,Τεστ Αξιολόγησης-Προστασία από κακόβουλα λογισμικά και κανόνες ασφαλείας στο διαδίκτυο,2,Υπολογιστικά συστήματα - Ψηφιακές συσκευές - Δίκτυα,Προστασία από κακόβουλα λογισμικά και κανόνες ασφαλείας στο διαδίκτυο
C,14,https://ebooksdl.cti.gr/view?item=20.500.14040/11085,Εικόνα-Εφαρμογές και αρχεία,3,Δεδομένα και ανάλυση δεδομένων,Αρχεία και Φάκελοι
C,14,https://ebooksdl.cti.gr/view?item=20.500.14040/11083,Άσκηση-Κρυπτόλεξο με τις μορφές αρχείων,3,Δεδομένα και ανάλυση δεδομένων,Αρχεία και Φάκελοι
C,14,https://ebooksdl.cti.gr/view?item=20.500.14040/11078,Διαδραστική εικόνα-Αρχεία και φάκελοι στον εξερευνητή αρχείων,3,Δεδομένα και ανάλυση δεδομένων,Αρχεία και Φάκελοι
C,14,https://ebooksdl.cti.gr/view?item=20.500.14040/11082,Εικόνα-Μέσα στον φάκελο,3,Δεδομένα και ανάλυση δεδομένων,Αρχεία και Φάκελοι
C,15,https://ebooksdl.cti.gr/view?item=20.500.14040/11089,Βίντεο-Εναλλακτικές λύσεις σε έναν εννοιολογικό χάρτη,3,Δεδομένα και ανάλυση δεδομένων,Είδη εννοιολογικών χαρτών
C,15,https://ebooksdl.cti.gr/view?item=20.500.14040/11088,Άσκηση-Δοκίμασε τις γνώσεις σου για τους εννοιολογικούς χάρτες,3,Δεδομένα και ανάλυση δεδομένων,Είδη εννοιολογικών χαρτών
C,17,https://ebooksdl.cti.gr/view?item=20.500.14040/11112,Άσκηση-Γράφω ελληνικά και αγγλικά,4,Ψηφιακός γραμματισμός,Περισσότερα εργαλεία στο πληκτρολόγιο
C,17,https://ebooksdl.cti.gr/view?item=20.500.14040/11106,"Άσκηση-Γράφω σύμβολα, γράμματα και αριθμούς",4,Ψηφιακός γραμματισμός,Περισσότερα εργαλεία στο πληκτρολόγιο
C,17,https://ebooksdl.cti.gr/view?item=20.500.14040/11093,Αφίσα για το πληκτρολόγιο,4,Ψηφιακός γραμματισμός,Περισσότερα εργαλεία στο πληκτρολόγιο
C,17,https://ebooksdl.cti.gr/view?item=20.500.14040/11117,Παιχνίδι-Κυνήγι θησαυρού για το πληκτρολόγιο,4,Ψηφιακός γραμματισμός,Περισσότερα εργαλεία στο πληκτρολόγιο
C,17,https://ebooksdl.cti.gr/view?item=20.500.14040/11101,Διαδραστική εικόνα-Το πληκτρολόγιο,4,Ψηφιακός γραμματισμός,Περισσότερα εργαλεία στο πληκτρολόγιο
C,18,https://ebooksdl.cti.gr/view?item=20.500.14040/11090,Αφίσα-Ιστοσελίδες μουσείου,4,Ψηφιακός γραμματισμός,Δικτυακός τόπος και ιστοσελίδες
C,19,https://ebooksdl.cti.gr/view?item=20.500.14040/11230,Διαδραστική εικόνα-Η διεύθυνση ενός δικτυακού τόπου,4,Ψηφιακός γραμματισμός,Τα βασικά χαρακτηριστικά ενός δ ικτυακ ού τόπο υ
C,19,https://ebooksdl.cti.gr/view?item=20.500.14040/11231,Διαδραστική εικόνα-Τα στοιχεία ενός δικτυακού τόπου,4,Ψηφιακός γραμματισμός,Τα βασικά χαρακτηριστικά ενός δ ικτυακ ού τόπο υ
C,19,https://ebooksdl.cti.gr/view?item=20.500.14040/11075,Εφαρμογή-σχεδίασε τον δικτυακό σου τόπο,4,Ψηφιακός γραμματισμός,Τα βασικά χαρακτηριστικά ενός δ ικτυακ ού τόπο υ
C,20,https://ebooksdl.cti.gr/view?item=20.500.14040/11109,Διαδραστική εικόνα-Ιστοριογραμμή μηχανών αναζήτησης,4,Ψηφιακός γραμματισμός,Μηχανές αναζήτησης
C,20,https://ebooksdl.cti.gr/view?item=20.500.14040/11107,Αφίσα-Μηχανές αναζήτησης,4,Ψηφιακός γραμματισμός,Μηχανές αναζήτησης
C,20,https://ebooksdl.cti.gr/view?item=20.500.14040/11110,Διαδραστική εικόνα-Λειτουργία μηχανών αναζήτησης,4,Ψηφιακός γραμματισμός,Μηχανές αναζήτησης
C,21,https://ebooksdl.cti.gr/view?item=20.500.14040/11098,Παρουσίαση-Τα αποτελέσματα μιας μηχανής αναζήτησης,4,Ψηφιακός γραμματισμός,"Επιλέγω ό,τι είναι κατάλληλο από τα αποτελέσματα μιας αναζήτησης"
C,21,https://ebooksdl.cti.gr/view?item=20.500.14040/11113,Αφίσα-Συμβουλές για πετυχημένη αναζήτηση,4,Ψηφιακός γραμματισμός,"Επιλέγω ό,τι είναι κατάλληλο από τα αποτελέσματα μιας αναζήτησης"
C,22,https://ebooksdl.cti.gr/view?item=20.500.14040/11232,Βίντεο-Ένα κινούμενο σχέδιο,4,Ψηφιακός γραμματισμός,Φτιάχνω κινούμενα σχέδια από εικόνες
C,22,https://ebooksdl.cti.gr/view?item=20.500.14040/11229,Αφίσα-Το πρώτο κινούμενο σχέδιο,4,Ψηφιακός γραμματισμός,Φτιάχνω κινούμενα σχέδια από εικόνες
C,23,https://ebooksdl.cti.gr/view?item=20.500.14040/11115,Διαδραστική εικόνα-Το προφίλ σου στην e-me,4,Ψηφιακός γραμματισμός,Επεξεργάζομαι το προφίλ μου στην e-me
C,24,https://ebooksdl.cti.gr/view?item=20.500.14040/11099,Αφίσα-Είδη ιστολογίων,4,Ψηφιακός γραμματισμός,Τα ιστολόγια της e-me
C,25,https://ebooksdl.cti.gr/view?item=20.500.14040/11076,Βίντεο-Δημιουργία άρθρου,4,Ψηφιακός γραμματισμός,Τα άρθρα ενός ιστολογίου της e-me
C,25,https://ebooksdl.cti.gr/view?item=20.500.14040/11102,Διαδραστική εικόνα-Προσθήκη άρθρου,4,Ψηφιακός γραμματισμός,Τα άρθρα ενός ιστολογίου της e-me
C,26,https://ebooksdl.cti.gr/handle/20.500.14040/11094,Διαδραστική εικόνα-Στοιχεία άρθρου,4,Ψηφιακός γραμματισμός,Αναζητώ και σχολιάζω άρθρα στα ιστολόγια της e-me
C,26,https://ebooksdl.cti.gr/view?item=20.500.14040/11104,Διαδραστική εικόνα-Το πλευρικό μενού,4,Ψηφιακός γραμματισμός,Αναζητώ και σχολιάζω άρθρα στα ιστολόγια της e-me
C,26,https://ebooksdl.cti.gr/view?item=20.500.14040/11118,Άσκηση πολλαπλής επιλογής-Το πλευρικό μενού,4,Ψηφιακός γραμματισμός,Αναζητώ και σχολιάζω άρθρα στα ιστολόγια της e-me
C,27,https://ebooksdl.cti.gr/view?item=20.500.14040/11092,Παρουσίαση-Δημιουργία νέας κυψέλης,4,Ψηφιακός γραμματισμός,Διαμορφώνω το προσωπικό μου περιβάλλον στην e-me και επικοινωνώ με άλλους
C,27,https://ebooksdl.cti.gr/view?item=20.500.14040/11097,Διαδραστική εικόνα-Παραμετροποίηση περιβάλλοντος της e-me,4,Ψηφιακός γραμματισμός,Διαμορφώνω το προσωπικό μου περιβάλλον στην e-me και επικοινωνώ με άλλους
C,27,https://ebooksdl.cti.gr/view?item=20.500.14040/11091,Διαδραστική εικόνα-Κοινωνική δικτύωση στην e-me,4,Ψηφιακός γραμματισμός,Διαμορφώνω το προσωπικό μου περιβάλλον στην e-me και επικοινωνώ με άλλους
C,27,https://ebooksdl.cti.gr/view?item=20.500.14040/11108,Άσκηση πολλαπλής επιλογής για την e-me,4,Ψηφιακός γραμματισμός,Διαμορφώνω το προσωπικό μου περιβάλλον στην e-me και επικοινωνώ με άλλους
C,28,https://ebooksdl.cti.gr/view?item=20.500.14040/11114,Παιχνίδι παζλ για το φωτόδεντρο,4,Ψηφιακός γραμματισμός,Χρησιμοποιώ μαθησιακά αντικείμενα εκπαιδευτικών αποθετηρίων
C,28,https://ebooksdl.cti.gr/view?item=20.500.14040/11100,Διαδραστική εικόνα-Τα αποθετήρια στο φωτόδεντρο,4,Ψηφιακός γραμματισμός,Χρησιμοποιώ μαθησιακά αντικείμενα εκπαιδευτικών αποθετηρίων
C,28,https://ebooksdl.cti.gr/view?item=20.500.14040/11074,Ψηφιακό επιτραπέζιο παιχνίδι για την Γ τάξη,4,Ψηφιακός γραμματισμός,Χρησιμοποιώ μαθησιακά αντικείμενα εκπαιδευτικών αποθετηρίων
C,29,https://ebooksdl.cti.gr/view?item=20.500.14040/11142,Βίντεο-παρουσίαση-Προβλήματα σωματικής και ψυχικής υγείας από το διαδίκτυο,5,Ψηφιακές τεχνολογίες και κοινωνία,Η υπερβολική χρήση του διαδικτύου σε σχέση με τη σωματική και την ψυχική υγεία
C,29,https://ebooksdl.cti.gr/view?item=20.500.14040/11141,Τεστ αξιολόγησης-Η υπερβολική χρήση του διαδικτύου,5,Ψηφιακές τεχνολογίες και κοινωνία,Η υπερβολική χρήση του διαδικτύου σε σχέση με τη σωματική και την ψυχική υγεία
C,30,https://ebooksdl.cti.gr/view?item=20.500.14040/11140,Γράφημα-Κανόνες και όρια,5,Ψηφιακές τεχνολογίες και κοινωνία,Κανόνες και όρια για τη χρήση ψηφιακών συσκευών στο διαδίκτυο
D,1,https://ebooksdl.cti.gr/view?item=20.500.14040/11282,Αλγόριθμοι Δ' Δημοτικού-Συμπλήρωση κενών,1,Αλγοριθμική - Προγραμματισμός - Ρομποτική,Οι αλγόριθμοι
D,1,https://ebooksdl.cti.gr/view?item=20.500.14040/11274,Αλγόριθμοι Δ' Δημοτικού-Ερωτήσεις Σωστού Λάθους,1,Αλγοριθμική - Προγραμματισμός - Ρομποτική,Οι αλγόριθμοι
D,2,https://ebooksdl.cti.gr/view?item=20.500.14040/11252,Νέες εντολές επιλογής και επανάληψης-Συμπλήρωση κενών,1,Αλγοριθμική - Προγραμματισμός - Ρομποτική,Μία νέα εντολή επιλογής και μία νέα εντολή επανάληψης
D,2,https://ebooksdl.cti.gr/view?item=20.500.14040/11264,Νέα εντολή επανάληψης-Ερωτήσεις πολλαπλής επιλογής,1,Αλγοριθμική - Προγραμματισμός - Ρομποτική,Μία νέα εντολή επιλογής και μία νέα εντολή επανάληψης
D,2,https://ebooksdl.cti.gr/view?item=20.500.14040/11272,Νέες εντολές επιλογής και επανάληψης-Ερωτήσεις Σωστού - Λάθους,1,Αλγοριθμική - Προγραμματισμός - Ρομποτική,Μία νέα εντολή επιλογής και μία νέα εντολή επανάληψης
D,3,https://ebooksdl.cti.gr/view?item=20.500.14040/11276,Η εντολή επανάληψης στο Scratch-Βίντεο.,1,Αλγοριθμική - Προγραμματισμός - Ρομποτική,Ξανά και ξανά…
D,3,https://ebooksdl.cti.gr/view?item=20.500.14040/11266,Προγραμματισμός Δ΄ Δημοτικού. Ερωτήσεις Σωστού-Λάθους.,1,Αλγοριθμική - Προγραμματισμός - Ρομποτική,Ξανά και ξανά…
D,4,https://ebooksdl.cti.gr/view?item=20.500.14040/11267,Προγραμματισμός Δ΄ Δημοτικού-Ερωτήσεις Σωστού-Λάθους (2),1,Αλγοριθμική - Προγραμματισμός - Ρομποτική,Αριθμητικές πράξεις
D,4,https://ebooksdl.cti.gr/view?item=20.500.14040/11265,Προγραμματισμός Δ΄ Δημοτικού-Ερωτήσεις πολλαπλής επιλογής,1,Αλγοριθμική - Προγραμματισμός - Ρομποτική,Αριθμητικές πράξεις
D,4,https://ebooksdl.cti.gr/view?item=20.500.14040/11275,Αριθμητικές πράξεις στο Scratch-Βίντεο,1,Αλγοριθμική - Προγραμματισμός - Ρομποτική,Αριθμητικές πράξεις
D,5,https://ebooksdl.cti.gr/view?item=20.500.14040/11277,Η εντολή «επανάλαβε ώσπου» στο Scratch-Βίντεο.,1,Αλγοριθμική - Προγραμματισμός - Ρομποτική,Επανάλαβε ώσπου
D,5,https://ebooksdl.cti.gr/view?item=20.500.14040/11268,Προγραμματισμός Δ΄ Δημοτικού-Ερωτήσεις Σωστού-Λάθους (3),1,Αλγοριθμική - Προγραμματισμός - Ρομποτική,Επανάλαβε ώσπου
D,5,https://ebooksdl.cti.gr/view?item=20.500.14040/11270,Εντολή «επανάλαβε ώσπου»- Ερωτήσεις πολλαπλής επιλογής.,1,Αλγοριθμική - Προγραμματισμός - Ρομποτική,Επανάλαβε ώσπου
D,6,https://ebooksdl.cti.gr/view?item=20.500.14040/11273,Αλλάζοντας ενδυμασίες στο Scratch.-Βίντεο.,1,Αλγοριθμική - Προγραμματισμός - Ρομποτική,Αλλάζοντας ενδυμασίες
D,7,https://ebooksdl.cti.gr/view?item=20.500.14040/11283,Αφήγηση ιστορίας με προγραμματισμό-Βίντεο.,1,Αλγοριθμική - Προγραμματισμός - Ρομποτική,Αφήγηση ιστοριών με προγραμματισμό
D,8,https://ebooksdl.cti.gr/view?item=20.500.14040/11269,Πίστα για εκτύπωση-Εικόνα.,1,Αλγοριθμική - Προγραμματισμός - Ρομποτική,Οδήγηση σε πίστα
D,8,https://ebooksdl.cti.gr/view?item=20.500.14040/11278,Οδήγηση ρομπότ σε πίστα-Βίντεο,1,Αλγοριθμική - Προγραμματισμός - Ρομποτική,Οδήγηση σε πίστα
D,9,https://ebooksdl.cti.gr/view?item=20.500.14040/11279,Αναγνωρίζοντας τις μαύρες γραμμές-Βίντεο.,1,Αλγοριθμική - Προγραμματισμός - Ρομποτική,Αναγνωρίζοντας τις μαύρες γραμμές
D,9,https://ebooksdl.cti.gr/view?item=20.500.14040/43681,Οδήγηση του ρομπότ σε πίστα-Παιχνίδι προσομοίωσης.,1,Αλγοριθμική - Προγραμματισμός - Ρομποτική,Αναγνωρίζοντας τις μαύρες γραμμές
D,10,https://ebooksdl.cti.gr/view?item=20.500.14040/11281,Πίστα Λαβύρινθος για εκτύπωση-Εικόνα.,1,Αλγοριθμική - Προγραμματισμός - Ρομποτική,Οδηγώντας το ρομπότ στον λαβύρινθο
D,10,https://ebooksdl.cti.gr/view?item=20.500.14040/11271,Οδηγώντας το ρομπότ στον λαβύρινθο-Παιχνίδι προσομοίωσης.,1,Αλγοριθμική - Προγραμματισμός - Ρομποτική,Οδηγώντας το ρομπότ στον λαβύρινθο
D,10,https://ebooksdl.cti.gr/view?item=20.500.14040/11280,Οδηγώντας το ρομπότ στον λαβύρινθο (οδηγίες για το παιχνίδι)-Βίντεο.,1,Αλγοριθμική - Προγραμματισμός - Ρομποτική,Οδηγώντας το ρομπότ στον λαβύρινθο
D,11,https://ebooksdl.cti.gr/view?item=20.500.14040/11260,Βίντεο-tutorial. Σπάσε τον κώδικα.,2,Υπολογιστικά συστήματα – Ψηφιακές συσκευές – Δίκτυα,Ψηφιακά Δεδομένα
D,12,https://ebooksdl.cti.gr/view?item=20.500.14040/11254,Εικόνα. Ο υπολογιστής μου,2,Υπολογιστικά συστήματα – Ψηφιακές συσκευές – Δίκτυα,Ποιον υπολογιστή να διαλέξω;
D,12,https://ebooksdl.cti.gr/view?item=20.500.14040/11259,Εικόνα. Φορητές συσκευές.,2,Υπολογιστικά συστήματα – Ψηφιακές συσκευές – Δίκτυα,Ποιον υπολογιστή να διαλέξω;
D,12,https://ebooksdl.cti.gr/view?item=20.500.14040/11255,Παιχνίδι. Αναζητώντας τον υπολογιστή.,2,Υπολογιστικά συστήματα – Ψηφιακές συσκευές – Δίκτυα,Ποιον υπολογιστή να διαλέξω;
D,13,https://ebooksdl.cti.gr/view?item=20.500.14040/11263,Διαδραστική εικόνα. Εφαρμογές.,2,Υπολογιστικά συστήματα – Ψηφιακές συσκευές – Δίκτυα,Οι εφαρμογές του υπολογιστή
D,13,https://ebooksdl.cti.gr/view?item=20.500.14040/11253,Παιχνίδι. Το φιδάκι του λογισμικού.,2,Υπολογιστικά συστήματα – Ψηφιακές συσκευές – Δίκτυα,Οι εφαρμογές του υπολογιστή
D,14,https://ebooksdl.cti.gr/view?item=20.500.14040/11291,Βίντεο - Το ταξίδι των δεδομένων σε ένα δίκτυο.,2,Υπολογιστικά συστήματα – Ψηφιακές συσκευές – Δίκτυα,Το ταξίδι των δεδομένων σε ένα δίκτυο
D,15,https://ebooksdl.cti.gr/view?item=20.500.14040/11286,Διαδραστική εικόνα - Κακόβουλο λογισμικό (virus).,2,Υπολογιστικά συστήματα – Ψηφιακές συσκευές – Δίκτυα,Προστατεύομαι από διαδικτυακές επιθέσεις
D,15,https://ebooksdl.cti.gr/view?item=20.500.14040/11237,Τεστ αξιολόγησης. Προστατεύομαι από διαδικτυακές επιθέσεις.,2,Υπολογιστικά συστήματα – Ψηφιακές συσκευές – Δίκτυα,Προστατεύομαι από διαδικτυακές επιθέσεις
D,16,https://ebooksdl.cti.gr/view?item=20.500.14040/11256,Εικόνα. Δημιουργία ψηφιακού περιεχομένου.,3,Δεδομένα και ανάλυση δεδομένων,Δημιουργία ψηφιακού περιεχομένου
D,17,https://ebooksdl.cti.gr/view?item=20.500.14040/11262,Διαδραστική εικόνα. Μορφές αρχείων εικόνας.,3,Δεδομένα και ανάλυση δεδομένων,Μεγέθη και διαχείριση αρχείων
D,17,https://ebooksdl.cti.gr/view?item=20.500.14040/11261,Εικόνα. Αντιγραφή αρχείου,3,Δεδομένα και ανάλυση δεδομένων,Μεγέθη και διαχείριση αρχείων
D,18,https://ebooksdl.cti.gr/view?item=20.500.14040/11257,Εικόνα. Επεξεργασία μεγάλου όγκου δεδομένων.,3,Δεδομένα και ανάλυση δεδομένων,Επεξεργασία δεδομένων
D,18,https://ebooksdl.cti.gr/view?item=20.500.14040/11258,Βίντεοtutorial. Έξυπνο σπίτι.,3,Δεδομένα και ανάλυση δεδομένων,Επεξεργασία δεδομένων
D,19,https://ebooksdl.cti.gr/view?item=20.500.14040/11251,Πώς προσθέτω εικόνες και συνδέσεις,3,Δεδομένα και ανάλυση δεδομένων,Προσθέτω εικόνες και συνδέσεις στον εννοιολογικό μου χάρτη
D,19,https://ebooksdl.cti.gr/view?item=20.500.14040/11250,Γνωρίζω πώς βάζω εικόνα σε ένα χάρτη;,3,Δεδομένα και ανάλυση δεδομένων,Προσθέτω εικόνες και συνδέσεις στον εννοιολογικό μου χάρτη
D,19,https://ebooksdl.cti.gr/view?item=20.500.14040/11249,Τα κύρια στοιχεία ενός εννοιολογικού χάρτη.,3,Δεδομένα και ανάλυση δεδομένων,Προσθέτω εικόνες και συνδέσεις στον εννοιολογικό μου χάρτη
D,20,https://ebooksdl.cti.gr/view?item=20.500.14040/11241,Παρουσίαση. Ιστορία φυλλομετρητών,4,Ψηφιακός γραμματισμός,Χρήση λειτουργιών του φυλλομετρητή και αναζήτηση με λέξεις-κλειδιά
D,20,https://ebooksdl.cti.gr/view?item=20.500.14040/11238,Παρουσίαση. Μαθαίνω τους σελιδοδείκτες.,4,Ψηφιακός γραμματισμός,Χρήση λειτουργιών του φυλλομετρητή και αναζήτηση με λέξεις-κλειδιά
D,20,https://ebooksdl.cti.gr/view?item=20.500.14040/11243,Παρουσίαση. Χρήση λειτουργιών φυλλομετρητών.,4,Ψηφιακός γραμματισμός,Χρήση λειτουργιών του φυλλομετρητή και αναζήτηση με λέξεις-κλειδιά
D,21,https://ebooksdl.cti.gr/view?item=20.500.14040/11242,Ερωτήσεις σωστού/ λάθους. Αξιολόγηση διαδικτυακού περιεχομένου.,4,Ψηφιακός γραμματισμός,Διάκριση αποτελεσμάτων αναζήτησης Εφαρμογή κριτηρίων αξιολόγησης διαδικτυακού περιεχομένου
D,22,https://ebooksdl.cti.gr/view?item=20.500.14040/11248,Παρουσίαση. Ταχυδρομείο: Ηλεκτρονικό ή Κανονικό;,4,Ψηφιακός γραμματισμός,Διάκριση ηλεκτρονικού και συμβατικού ταχυδρομείου – Λογαριασμός χρήστη
D,22,https://ebooksdl.cti.gr/view?item=20.500.14040/11245,Ερωτήσεις σωστού/ λάθους. Μαθαίνω κωδικούς πρόσβασης,4,Ψηφιακός γραμματισμός,Διάκριση ηλεκτρονικού και συμβατικού ταχυδρομείου – Λογαριασμός χρήστη
D,22,https://ebooksdl.cti.gr/view?item=20.500.14040/11240,Ερωτήσεις σωστού/ λάθους. Μαθαίνω ονόματα χρήστη.,4,Ψηφιακός γραμματισμός,Διάκριση ηλεκτρονικού και συμβατικού ταχυδρομείου – Λογαριασμός χρήστη
D,24,https://ebooksdl.cti.gr/view?item=20.500.14040/11234,Βίντεο. Διαχείριση παρουσίασης.,4,Ψηφιακός γραμματισμός,Δημιουργία παρουσίασης – Αντιγραφή και αποθήκευση περιεχομένου
D,24,https://ebooksdl.cti.gr/view?item=20.500.14040/11236,Κουΐζ. Εργαλεία προβολής παρουσίασης.,4,Ψηφιακός γραμματισμός,Δημιουργία παρουσίασης – Αντιγραφή και αποθήκευση περιεχομένου
D,25,https://ebooksdl.cti.gr/view?item=20.500.14040/11246,Βίντεο. Επιλογή κειμένου εγγράφου,4,Ψηφιακός γραμματισμός,Βασικές δυνατότητες επεξεργαστή κειμένου
D,25,https://ebooksdl.cti.gr/view?item=20.500.14040/11288,Βίντεο. Εργαλεία μορφοποίησης κειμένου.,4,Ψηφιακός γραμματισμός,Βασικές δυνατότητες επεξεργαστή κειμένου
D,25,https://ebooksdl.cti.gr/view?item=20.500.14040/11285,Βίντεο. Εργαλεία στοίχισης κειμένου.,4,Ψηφιακός γραμματισμός,Βασικές δυνατότητες επεξεργαστή κειμένου
D,25,https://ebooksdl.cti.gr/view?item=20.500.14040/11284,Εργαλεία μορφοποίησης γραμματοσειράς.,4,Ψηφιακός γραμματισμός,Βασικές δυνατότητες επεξεργαστή κειμένου
D,25,https://ebooksdl.cti.gr/view?item=20.500.14040/11235,Κουΐζ. Εργαλεία μορφοποίησης κειμένου.,4,Ψηφιακός γραμματισμός,Βασικές δυνατότητες επεξεργαστή κειμένου
D,25,https://ebooksdl.cti.gr/view?item=20.500.14040/11244,Παιχνίδι μνήμης. Κείμενο και Παρουσίαση.,4,Ψηφιακός γραμματισμός,Βασικές δυνατότητες επεξεργαστή κειμένου
D,28,https://ebooksdl.cti.gr/view?item=20.500.14040/47082,Σταυρόλεξο,5,Ψηφιακ ές τεχνολογίες και κοινωνία,Πνευματικά δικαιώματα στο διαδίκτυο και υπεύθυνη ψηφιακή συμπεριφορά
D,28,https://ebooksdl.cti.gr/view?item=20.500.14040/11287,Βίντεο - 7 Βασικά ζητήματα για την πνευματική ιδιοκτησία. Τεστ αξιολόγησης - Πνευματικά δικαιώματα και συμπεριφορά στο διαδίκτυο.,5,Ψηφιακ ές τεχνολογίες και κοινωνία,Πνευματικά δικαιώματα στο διαδίκτυο και υπεύθυνη ψηφιακή συμπεριφορά
D,29,https://ebooksdl.cti.gr/view?item=20.500.14040/11239,Βίντεο - Κανόνες για σωστή διαδικτυακή συμπεριφορά.,5,Ψηφιακ ές τεχνολογίες και κοινωνία,Κανόνες συμπεριφοράς (Netiquette) και ψηφιακό αποτύπωμα στο διαδίκτυο
D,29,https://ebooksdl.cti.gr/view?item=20.500.14040/11290,Τεστ αξιολόγησης - Κανόνες συμπεριφοράς και ψηφιακό αποτύπωμα.,5,Ψηφιακ ές τεχνολογίες και κοινωνία,Κανόνες συμπεριφοράς (Netiquette) και ψηφιακό αποτύπωμα στο διαδίκτυο
D,30,https://ebooksdl.cti.gr/view?item=20.500.14040/11292,Εννοιολογικός χάρτης - Κριτήρια αξιολόγησης διαδικτυακών πηγών.,5,Ψηφιακ ές τεχνολογίες και κοινωνία,Κριτήρια αξιολόγησης πηγών στο διαδίκτυο
D,30,https://ebooksdl.cti.gr/view?item=20.500.14040/11289,Βίντεο - Κριτήρια αξιολόγησης διαδικτυακών πηγών.,5,Ψηφιακ ές τεχνολογίες και κοινωνία,Κριτήρια αξιολόγησης πηγών στο διαδίκτυο
E,1,https://ebooksdl.cti.gr/view?item=20.500.14040/11342,Ερωτήσεις πολλαπλών επιλογών,1,Αλγοριθμική – Προγραμματισμός – Ρομποτική,Ο αλγόριθμος του Καίσαρα
E,2,https://ebooksdl.cti.gr/view?item=20.500.14040/11330,Ερωτήσεις σωστού/λάθους,1,Αλγοριθμική – Προγραμματισμός – Ρομποτική,Ο αλγόριθμος του Καίσαρα (συνέχεια)
E,2,https://ebooksdl.cti.gr/view?item=20.500.14040/11329,Εκπαιδευτικό παιχνίδι,1,Αλγοριθμική – Προγραμματισμός – Ρομποτική,Ο αλγόριθμος του Καίσαρα (συνέχεια)
E,2,https://ebooksdl.cti.gr/view?item=20.500.14040/11344,Συμπλήρωση κενών,1,Αλγοριθμική – Προγραμματισμός – Ρομποτική,Ο αλγόριθμος του Καίσαρα (συνέχεια)
E,3,https://ebooksdl.cti.gr/view?item=20.500.14040/11346,Ερωτήσεις σωστού/λάθους,1,Αλγοριθμική – Προγραμματισμός – Ρομποτική,Σύνθετες λογικές εκφράσεις
E,4,https://ebooksdl.cti.gr/view?item=20.500.14040/11336,Βίντεο-κατασκευή απλού παιχνιδιού στο Scratch,1,Αλγοριθμική – Προγραμματισμός – Ρομποτική,Κατασκευή απλού παιχνιδιού στο Scratch
E,5,https://ebooksdl.cti.gr/view?item=20.500.14040/11341,Βίντεο- οι μεταβλητές στο Scratch,1,Αλγοριθμική – Προγραμματισμός – Ρομποτική,Αυξάνοντας τους πόντους και χάνοντας ζωές – Οι μεταβλητές
E,6,https://ebooksdl.cti.gr/view?item=20.500.14040/11332,Βίντεο- η συνθήκη τέλους του παιχνιδιού,1,Αλγοριθμική – Προγραμματισμός – Ρομποτική,Η συνθήκη τέλους του παιχνιδιού – Μία λογική έκφραση
E,7,https://ebooksdl.cti.gr/view?item=20.500.14040/11337,Βίντεο-Νίκη ή Ήττα,1,Αλγοριθμική – Προγραμματισμός – Ρομποτική,Νίκη ή ήττα
E,7,https://ebooksdl.cti.gr/view?item=20.500.14040/11343,Ερωτήσεις σωστού/λάθους,1,Αλγοριθμική – Προγραμματισμός – Ρομποτική,Νίκη ή ήττα
E,7,https://ebooksdl.cti.gr/view?item=20.500.14040/11339,Ερωτήσεις πολλαπλών επιλογών,1,Αλγοριθμική – Προγραμματισμός – Ρομποτική,Νίκη ή ήττα
E,7,https://ebooksdl.cti.gr/view?item=20.500.14040/11340,Βήματα υλοποίησης,1,Αλγοριθμική – Προγραμματισμός – Ρομποτική,Νίκη ή ήττα
E,8,https://ebooksdl.cti.gr/view?item=20.500.14040/11331,Συμπλήρωση κενών,1,Αλγοριθμική – Προγραμματισμός – Ρομποτική,Υποπρογράμματα
E,8,https://ebooksdl.cti.gr/view?item=20.500.14040/11333,Ερωτήσεις πολλαπλών επιλογών,1,Αλγοριθμική – Προγραμματισμός – Ρομποτική,Υποπρογράμματα
E,8,https://ebooksdl.cti.gr/view?item=20.500.14040/11334,Βίντεο-Υποπρογράμματα,1,Αλγοριθμική – Προγραμματισμός – Ρομποτική,Υποπρογράμματα
E,9,https://ebooksdl.cti.gr/view?item=20.500.14040/11328,Βίντεο-Παράλληλες ακολουθίες εντολών,1,Αλγοριθμική – Προγραμματισμός – Ρομποτική,Παράλληλες ακολουθίες εντολών
E,10,https://ebooksdl.cti.gr/view?item=20.500.14040/11335,Βίντεο- Μηνύματα,1,Αλγοριθμική – Προγραμματισμός – Ρομποτική,Μηνύματα
E,10,https://ebooksdl.cti.gr/view?item=20.500.14040/11347,Ερωτήσεις σωστού/λάθους,1,Αλγοριθμική – Προγραμματισμός – Ρομποτική,Μηνύματα
E,10,https://ebooksdl.cti.gr/view?item=20.500.14040/11345,Ερωτήσεις πολλαπλών επιλογών,1,Αλγοριθμική – Προγραμματισμός – Ρομποτική,Μηνύματα
E,11,https://ebooksdl.cti.gr/view?item=20.500.14040/11338,Βίντεο- Χαρούμενα γενέθλια στο microbit,1,Αλγοριθμική – Προγραμματισμός – Ρομποτική,Χαρούμενα γενέθλια
E,12,https://ebooksdl.cti.gr/view?item=20.500.14040/11325,Βίντεο- Κωδικοποίηση μηνύματος,2,Υπολογιστικά συστήματα - Ψηφιακές συσκευές - Δίκτυα,Ψηφιοποίηση κειμένου
E,13,https://ebooksdl.cti.gr/view?item=20.500.14040/11322,Εικόνα-Το υλικό του υπολογιστή,2,Υπολογιστικά συστήματα - Ψηφιακές συσκευές - Δίκτυα,Το υλικό και οι χρήστες του υπολογιστή
E,13,https://ebooksdl.cti.gr/view?item=20.500.14040/11313,Εικόνα-Κεντρική Μονάδα,2,Υπολογιστικά συστήματα - Ψηφιακές συσκευές - Δίκτυα,Το υλικό και οι χρήστες του υπολογιστή
E,13,https://ebooksdl.cti.gr/view?item=20.500.14040/11321,Βίντεο tutorial-Η λειτουργία του υπολογιστή,2,Υπολογιστικά συστήματα - Ψηφιακές συσκευές - Δίκτυα,Το υλικό και οι χρήστες του υπολογιστή
E,13,https://ebooksdl.cti.gr/view?item=20.500.14040/11323,Εικόνα-Οι χρήστες του υπολογιστή,2,Υπολογιστικά συστήματα - Ψηφιακές συσκευές - Δίκτυα,Το υλικό και οι χρήστες του υπολογιστή
E,13,https://ebooksdl.cti.gr/view?item=20.500.14040/11326,Παιχνίδι- Εξερευνώντας τον υπολογιστή,2,Υπολογιστικά συστήματα - Ψηφιακές συσκευές - Δίκτυα,Το υλικό και οι χρήστες του υπολογιστή
E,14,https://ebooksdl.cti.gr/view?item=20.500.14040/11349,Εικόνα διαδραστική-Διαδικασία σύνδεσης εξυπηρετητή στο δίκτυο,2,Υπολογιστικά συστήματα - Ψηφιακές συσκευές - Δίκτυα,Τα είδη δικτύων και ο ρόλος των εξυπηρετητών
E,14,https://ebooksdl.cti.gr/view?item=20.500.14040/11293,Εικόνα διαδραστική-Δίκτυα LAN_WAN,2,Υπολογιστικά συστήματα - Ψηφιακές συσκευές - Δίκτυα,Τα είδη δικτύων και ο ρόλος των εξυπηρετητών
E,15,https://ebooksdl.cti.gr/view?item=20.500.14040/11309,Βίντεο -Αυθεντικοποίηση,2,Υπολογιστικά συστήματα - Ψηφιακές συσκευές - Δίκτυα,Προσέχω ποια λογισμικά εγκαθιστώ και από ποιες ιστοσελίδες τα κατεβάζω: Γνωρίζω και θωρακίζομαι
E,16,https://ebooksdl.cti.gr/view?item=20.500.14040/11324,Εικόνα-Συγκέντρωση Δεδομένων,3,Δεδομένα και ανάλυση δεδομένων,"Συγκέντρωση δεδομένων, υπολογιστικό φύλλο και ιδιότητες αρχείων-φακέλων"
E,16,https://ebooksdl.cti.gr/view?item=20.500.14040/11317,Εικόνα-Πληροφορίες αρχείου,3,Δεδομένα και ανάλυση δεδομένων,"Συγκέντρωση δεδομένων, υπολογιστικό φύλλο και ιδιότητες αρχείων-φακέλων"
E,17,https://ebooksdl.cti.gr/view?item=20.500.14040/11315,Εικόνα- Υπολογιστικό φύλλο,3,Δεδομένα και ανάλυση δεδομένων,Υπολογιστικό φύλλο: Οργάνωση δεδομένων σε πίνακα
E,17,https://ebooksdl.cti.gr/view?item=20.500.14040/11320,Βίντεο tutorial-Εισαγωγή γραμμής ή στήλης,3,Δεδομένα και ανάλυση δεδομένων,Υπολογιστικό φύλλο: Οργάνωση δεδομένων σε πίνακα
E,18,https://ebooksdl.cti.gr/view?item=20.500.14040/11327,Βίντεο tutorial- Συνάρτηση άθροισμα,3,Δεδομένα και ανάλυση δεδομένων,Αριθμητικές πράξεις στο υπολογιστικό φύλλο
E,19,https://ebooksdl.cti.gr/view?item=20.500.14040/11316,Βίντεο tutorial-Δημιουργία διαγράμματος,3,Δεδομένα και ανάλυση δεδομένων,"Συγκέντρωση δεδομένων, υπολογιστικό φύλλο και ιδιότητες αρχείων-φακέλων"
E,19,https://ebooksdl.cti.gr/view?item=20.500.14040/11318,Εικόνα- Διάγραμμα/Στήλη,3,Δεδομένα και ανάλυση δεδομένων,"Συγκέντρωση δεδομένων, υπολογιστικό φύλλο και ιδιότητες αρχείων-φακέλων"
E,19,https://ebooksdl.cti.gr/view?item=20.500.14040/11314,Εικόνα-Διάγραμμα/πίτα,3,Δεδομένα και ανάλυση δεδομένων,"Συγκέντρωση δεδομένων, υπολογιστικό φύλλο και ιδιότητες αρχείων-φακέλων"
E,20,https://ebooksdl.cti.gr/view?item=20.500.14040/11319,Παιχνίδι-Τεχνητή νοημοσύνη,3,Δεδομένα και ανάλυση δεδομένων,Τεχνητή νοημοσύνη και μηχανική μάθηση
E,21,https://ebooksdl.cti.gr/view?item=20.500.14040/11306,Παρουσίαση-Έλεγχος διαδικτυακού περιεχομένου,4,Ψηφιακός γραμματισμός,Γραμμή διευθύνσεων – Κριτήρια αξιολόγησης πληροφοριών
E,22,https://ebooksdl.cti.gr/view?item=20.500.14040/11302,Συμπλήρωση κενών-Χρήση φίλτρων σε μία μηχανή αναζήτησης,4,Ψηφιακός γραμματισμός,Καθορισμός φίλτρων αναζήτησης – Αναγνώριση αποτελεσμάτων αναζήτησης
E,22,https://ebooksdl.cti.gr/view?item=20.500.14040/11304,Παρουσίαση-Μηχανές αναζήτησης για παιδιά,4,Ψηφιακός γραμματισμός,Καθορισμός φίλτρων αναζήτησης – Αναγνώριση αποτελεσμάτων αναζήτησης
E,23,https://ebooksdl.cti.gr/view?item=20.500.14040/11301,Βίντεο-Αποθήκευση ψηφιακού αρχείου,4,Ψηφιακός γραμματισμός,Αποθήκευση και ανάκτηση ψηφιακών αρχείων
E,23,https://ebooksdl.cti.gr/view?item=20.500.14040/11299,Ερωτήσεις σωστού/λάθους-Αποδεκτά ονόματα αρχείων,4,Ψηφιακός γραμματισμός,Αποθήκευση και ανάκτηση ψηφιακών αρχείων
E,24,https://ebooksdl.cti.gr/view?item=20.500.14040/11305,Βίντεο-Χρήση προτύπων παρουσίασης,4,Ψηφιακός γραμματισμός,Δημιουργώ εντυπωσιακές παρουσιάσεις
E,24,https://ebooksdl.cti.gr/view?item=20.500.14040/11303,Βίντεο-Διαχείριση διαφανειών παρουσίασης,4,Ψηφιακός γραμματισμός,Δημιουργώ εντυπωσιακές παρουσιάσεις
E,24,https://ebooksdl.cti.gr/view?item=20.500.14040/11298,Βίντεο-Εφέ εναλλαγής διαφάνειας,4,Ψηφιακός γραμματισμός,Δημιουργώ εντυπωσιακές παρουσιάσεις
E,24,https://ebooksdl.cti.gr/view?item=20.500.14040/11312,Βίντεο-Εφέ κίνησης διαφάνειας,4,Ψηφιακός γραμματισμός,Δημιουργώ εντυπωσιακές παρουσιάσεις
E,25,https://ebooksdl.cti.gr/view?item=20.500.14040/11310,Βίντεο- Εισαγωγή βίντεο και ήχου,4,Ψηφιακός γραμματισμός,"Δημιουργία κειμένων, παρουσιάσεων με χρήση ψηφιακού περιεχομένου"
E,25,https://ebooksdl.cti.gr/view?item=20.500.14040/11296,Παρουσίαση-Χρήση βίντεο και ήχου τοπικά και online,4,Ψηφιακός γραμματισμός,"Δημιουργία κειμένων, παρουσιάσεων με χρήση ψηφιακού περιεχομένου"
E,26,https://ebooksdl.cti.gr/view?item=20.500.14040/11297,Ερωτήσεις σωστού/λάθους-Χρήση e-me Assignments,4,Ψηφιακός γραμματισμός,Αξιοποίηση της εφαρμογής e-me assignments – Διερεύνηση προηγμένων εκπαιδευτικών υπηρεσιών του ΠΣΔ
E,26,https://ebooksdl.cti.gr/view?item=20.500.14040/11308,Ερωτήσεις σωστού-λάθους. schoolpress/schoolradio,4,Ψηφιακός γραμματισμός,Αξιοποίηση της εφαρμογής e-me assignments – Διερεύνηση προηγμένων εκπαιδευτικών υπηρεσιών του ΠΣΔ
E,27,https://ebooksdl.cti.gr/view?item=20.500.14040/11311,Παρουσίαση-Μουσεία της Ελλάδας,4,Ψηφιακός γραμματισμός,"Αξιοποίηση ψηφιακών μουσείων, ψηφιακών εκπαιδευτικών εγκυκλοπαιδειών και λεξικών"
E,27,https://ebooksdl.cti.gr/view?item=20.500.14040/11307,Ερωτήσεις Σωστού/λάθους-Ψηφιακά μουσεία-λεξικά-εγκυκλοπαίδειες,4,Ψηφιακός γραμματισμός,"Αξιοποίηση ψηφιακών μουσείων, ψηφιακών εκπαιδευτικών εγκυκλοπαιδειών και λεξικών"
E,27,https://ebooksdl.cti.gr/view?item=20.500.14040/11300,Παιχνίδι μνήμης-Βρες ζευγάρια,4,Ψηφιακός γραμματισμός,"Αξιοποίηση ψηφιακών μουσείων, ψηφιακών εκπαιδευτικών εγκυκλοπαιδειών και λεξικών"
E,28,https://ebooksdl.cti.gr/view?item=20.500.14040/11294,Εικόνα(διαδραστική)-Η σελίδα gov.gr,5,Ψηφιακές τεχνολογίες και κοινωνία,Ψηφιακές υπηρεσίες του πολίτη
E,29,https://ebooksdl.cti.gr/view?item=20.500.14040/11353,Παρουσίαση (διαδραστική)- Οι επιδράσεις από τη χρήση του διαδικτύου,5,Ψηφιακές τεχνολογίες και κοινωνία,"Επιδράσεις από τη χρήση του διαδικτύου: Ψηφιακό αποτύπωμα, ψευδείς ειδήσεις, ρητορική του μίσους, ψηφιακό χάσμα και διαδίκτυο των πραγμάτων"
E,29,https://ebooksdl.cti.gr/view?item=20.500.14040/11352,Εικόνα(διαδραστική)-Διαδίκτυο των πραγμάτων,5,Ψηφιακές τεχνολογίες και κοινωνία,"Επιδράσεις από τη χρήση του διαδικτύου: Ψηφιακό αποτύπωμα, ψευδείς ειδήσεις, ρητορική του μίσους, ψηφιακό χάσμα και διαδίκτυο των πραγμάτων"
E,30,https://ebooksdl.cti.gr/view?item=20.500.14040/11348,Βίντεο-Οι άδειες Creative Commons,5,Ψηφιακές τεχνολογίες και κοινωνία,Οι άδειες χρήσης μέσω του οργανισμού ελεύθερης διακίνησης πνευματικών δικαιωμάτων CC (Creative Commons)
E,30,https://ebooksdl.cti.gr/view?item=20.500.14040/11351,Εικόνα(διαδραστική)- Οι άδειες Creative Commons,5,Ψηφιακές τεχνολογίες και κοινωνία,Οι άδειες χρήσης μέσω του οργανισμού ελεύθερης διακίνησης πνευματικών δικαιωμάτων CC (Creative Commons)
ST,1,https://ebooksdl.cti.gr/view?item=20.500.14040/11388,Ερωτήσεις πολλαπλής επιλογής,1,Αλγοριθμική - Προγραμματισμός - Ρομποτική,Προβλήματα και αλγόριθμοι
ST,1,https://ebooksdl.cti.gr/view?item=20.500.14040/11397,Ερωτήσεις σωστού/λάθους,1,Αλγοριθμική - Προγραμματισμός - Ρομποτική,Προβλήματα και αλγόριθμοι
ST,1,https://ebooksdl.cti.gr/view?item=20.500.14040/11404,Άσκηση συμπλήρωσης κενών,1,Αλγοριθμική - Προγραμματισμός - Ρομποτική,Προβλήματα και αλγόριθμοι
ST,2,https://ebooksdl.cti.gr/view?item=20.500.14040/11399,Ερωτήσεις πολλαπλής επιλογής,1,Αλγοριθμική - Προγραμματισμός - Ρομποτική,Το παιχνίδι «Μάντεψε τον αριθμό»
ST,2,https://ebooksdl.cti.gr/view?item=20.500.14040/11396,Ερωτήσεις σωστού/λάθους,1,Αλγοριθμική - Προγραμματισμός - Ρομποτική,Το παιχνίδι «Μάντεψε τον αριθμό»
ST,3,https://ebooksdl.cti.gr/view?item=20.500.14040/11398,Βίντεο-Είσοδος και έξοδος στο scratch,1,Αλγοριθμική - Προγραμματισμός - Ρομποτική,Είσοδος και έξοδος στο Scratch
ST,4,https://ebooksdl.cti.gr/view?item=20.500.14040/47081,Σταυρόλεξο,1,Αλγοριθμική - Προγραμματισμός - Ρομποτική,Υποπρογράμματα με μεταβλητές εισόδου
ST,4,https://ebooksdl.cti.gr/view?item=20.500.14040/11395,Βίντεο-Υποπρογράμματα με μεταβλητές εισόδου,1,Αλγοριθμική - Προγραμματισμός - Ρομποτική,Υποπρογράμματα με μεταβλητές εισόδου
ST,5,https://ebooksdl.cti.gr/view?item=20.500.14040/11369,Βίντεο- Έλεγχος δεδομένων εισόδου,1,Αλγοριθμική - Προγραμματισμός - Ρομποτική,Περισσότερα για τα υποπρογράμματα με μεταβλητές εισόδου
ST,6,https://ebooksdl.cti.gr/view?item=20.500.14040/11381,Βίντεο- Μάντεψε τον αριθμό,1,Αλγοριθμική - Προγραμματισμός - Ρομποτική,Μάντεψε τον αριθμό
ST,7,https://ebooksdl.cti.gr/view?item=20.500.14040/11384,"Βίντεο- Επίπεδο δυσκολίας, ηχητικά και γραφικά εφέ",1,Αλγοριθμική - Προγραμματισμός - Ρομποτική,"Επίπεδα δυσκολίας, ηχητικά και γραφικά εφέ"
ST,7,https://ebooksdl.cti.gr/view?item=20.500.14040/11363,Παιχνίδι-Ο υπολογιστής μαντεύει τον αριθμό,1,Αλγοριθμική - Προγραμματισμός - Ρομποτική,"Επίπεδα δυσκολίας, ηχητικά και γραφικά εφέ"
ST,8,https://ebooksdl.cti.gr/view?item=20.500.14040/11400,Ερωτήσεις πολλαπλής επιλογής,1,Αλγοριθμική - Προγραμματισμός - Ρομποτική,Αισθητήρες φωτός – Μέρα ή νύχτα
ST,8,https://ebooksdl.cti.gr/view?item=20.500.14040/11402,Άσκηση συμπλήρωσης κενών,1,Αλγοριθμική - Προγραμματισμός - Ρομποτική,Αισθητήρες φωτός – Μέρα ή νύχτα
ST,8,https://ebooksdl.cti.gr/view?item=20.500.14040/11393,Ερωτήσεις σωστού/λάθους,1,Αλγοριθμική - Προγραμματισμός - Ρομποτική,Αισθητήρες φωτός – Μέρα ή νύχτα
ST,8,https://ebooksdl.cti.gr/view?item=20.500.14040/11392,Βίντεο-Αισθητήρες φωτός,1,Αλγοριθμική - Προγραμματισμός - Ρομποτική,Αισθητήρες φωτός – Μέρα ή νύχτα
ST,9,https://ebooksdl.cti.gr/view?item=20.500.14040/11383,Βίντεο-Αισθητήρ ας ήχου,1,Αλγοριθμική - Προγραμματισμός - Ρομποτική,Ηχο-γράφημα
ST,10,https://ebooksdl.cti.gr/view?item=20.500.14040/11391,Βίντεο- Θερμόμετρο,1,Αλγοριθμική - Προγραμματισμός - Ρομποτική,Θερμόμετρο - Μέγιστη θερμοκρασία
ST,11,https://ebooksdl.cti.gr/view?item=20.500.14040/11389,Βίντεο- Καταγραφή δεδομένων,1,Αλγοριθμική - Προγραμματισμός - Ρομποτική,Καταγραφή δεδομένων και εκτέλεση πειραμάτων
ST,11,https://ebooksdl.cti.gr/view?item=20.500.14040/11401,Ερωτήσεις πολλαπλής επιλογής,1,Αλγοριθμική - Προγραμματισμός - Ρομποτική,Καταγραφή δεδομένων και εκτέλεση πειραμάτων
ST,11,https://ebooksdl.cti.gr/view?item=20.500.14040/11394,Ερωτήσεις σωστού/λάθους,1,Αλγοριθμική - Προγραμματισμός - Ρομποτική,Καταγραφή δεδομένων και εκτέλεση πειραμάτων
ST,11,https://ebooksdl.cti.gr/view?item=20.500.14040/11403,Άσκηση συμπλήρωσης κενών,1,Αλγοριθμική - Προγραμματισμός - Ρομποτική,Καταγραφή δεδομένων και εκτέλεση πειραμάτων
ST,12,https://ebooksdl.cti.gr/view?item=20.500.14040/11418,Εικόνα-Υλικό και χαρακτηριστικά του υπολογιστή,2,Υπολογιστικά συστήματα - Ψηφιακές συσκευές - Δίκτυα,Το υλικό του υπολογιστή και τα χαρακτηριστικά του
ST,12,https://ebooksdl.cti.gr/view?item=20.500.14040/11411,Εικόνα-Τεχνικά χαρακτηριστικά του υπολογιστή,2,Υπολογιστικά συστήματα - Ψηφιακές συσκευές - Δίκτυα,Το υλικό του υπολογιστή και τα χαρακτηριστικά του
ST,12,https://ebooksdl.cti.gr/view?item=20.500.14040/11366,Παιχνίδι-Λύσε το μυστήριο,2,Υπολογιστικά συστήματα - Ψηφιακές συσκευές - Δίκτυα,Το υλικό του υπολογιστή και τα χαρακτηριστικά του
ST,13,https://ebooksdl.cti.gr/view?item=20.500.14040/11409,Διαδραστική εικόνα-Ρυθμίσεις ημερομηνίας και ώρας,2,Υπολογιστικά συστήματα - Ψηφιακές συσκευές - Δίκτυα,Ρυθμίσεις υλικού-λογισμικού και αντιμετώπιση προβλημάτων λειτουργίας
ST,13,https://ebooksdl.cti.gr/view?item=20.500.14040/11408,Διαδραστική εικόνα-Εγκατάσταση λογισμικού,2,Υπολογιστικά συστήματα - Ψηφιακές συσκευές - Δίκτυα,Ρυθμίσεις υλικού-λογισμικού και αντιμετώπιση προβλημάτων λειτουργίας
ST,13,https://ebooksdl.cti.gr/view?item=20.500.14040/11410,Εικόνα-Αντιμετώπιση προβλημάτων λειτουργίας,2,Υπολογιστικά συστήματα - Ψηφιακές συσκευές - Δίκτυα,Ρυθμίσεις υλικού-λογισμικού και αντιμετώπιση προβλημάτων λειτουργίας
ST,14,https://ebooksdl.cti.gr/view?item=20.500.14040/11362,Παρουσίαση-Πρωτόκολλα επικοινωνίας,2,Υπολογιστικά συστήματα - Ψηφιακές συσκευές - Δίκτυα,Διασύνδεση συσκευών στο διαδίκτυο: Πάροχοι και πρωτόκολλα
ST,15,https://ebooksdl.cti.gr/view?item=20.500.14040/11420,Βίντεο-Αρνητικές επιπτώσεις από τη χρήση του διαδικτύου,2,Υπολογιστικά συστήματα - Ψηφιακές συσκευές - Δίκτυα,Οι θετικές και αρνητικές επιπτώσεις από τη χρήση του διαδικτύου στην καθημερινή ζωή
ST,16,https://ebooksdl.cti.gr/view?item=20.500.14040/11412,Εικόνα-Χρησιμότητα υπολογιστικού φύλλου,3,Δεδομένα και ανάλυση δεδομένων,Ερωτήματα και φόρμες συλλογής δεδομένων
ST,16,https://ebooksdl.cti.gr/view?item=20.500.14040/11414,Εικόνα-Ερωτηματολόγιο,3,Δεδομένα και ανάλυση δεδομένων,Ερωτήματα και φόρμες συλλογής δεδομένων
ST,17,https://ebooksdl.cti.gr/view?item=20.500.14040/11415,Εικόνα- Από το ερωτηματολόγιο στο υπολογιστικό φύλλο,3,Δεδομένα και ανάλυση δεδομένων,Οργάνωση και διαχείριση δεδομένων έρευνας στο υπολογιστικό φύλλο
ST,17,https://ebooksdl.cti.gr/view?item=20.500.14040/11416,Εικόνα- Ανάλυση δεδομένων διαγράμματος πίτας,3,Δεδομένα και ανάλυση δεδομένων,Οργάνωση και διαχείριση δεδομένων έρευνας στο υπολογιστικό φύλλο
ST,17,https://ebooksdl.cti.gr/view?item=20.500.14040/11413,Εικόνα-Ανάλυση δεδομένων διαγράμματος στήλη,3,Δεδομένα και ανάλυση δεδομένων,Οργάνωση και διαχείριση δεδομένων έρευνας στο υπολογιστικό φύλλο
ST,18,https://ebooksdl.cti.gr/view?item=20.500.14040/11417,Βίντεο-Ταξινόμηση δεδομένων,3,Δεδομένα και ανάλυση δεδομένων,"Συγκέντρωση, διαχείριση και ταξινόμηση δεδομένων στο υπολογιστικό φύλλο"
ST,18,https://ebooksdl.cti.gr/view?item=20.500.14040/11406,Διαδραστική ε ικόνα-Ανάλυση δεδομένων,3,Δεδομένα και ανάλυση δεδομένων,"Συγκέντρωση, διαχείριση και ταξινόμηση δεδομένων στο υπολογιστικό φύλλο"
ST,19,https://ebooksdl.cti.gr/view?item=20.500.14040/11405,Βίντεο-Φίλτρα δεδομένων,3,Δεδομένα και ανάλυση δεδομένων,Ανάλυση δεδομένων με χρήση φίλτρων στο υπολογιστικό φύλλο
ST,20,https://ebooksdl.cti.gr/view?item=20.500.14040/11407,Παιχνίδι-Αναζητώντας τα δεδομένα,3,Δεδομένα και ανάλυση δεδομένων,Ερωτήματα και ανάλυση δεδομένων
ST,21,https://ebooksdl.cti.gr/view?item=20.500.14040/11376,Ερωτήσεις σωστού/λάθους-Εναλλακτικοί τρόποι αναζήτησης,4,Ψηφιακός γραμματισμός,Εντοπισμός περιεχομένου στο διαδίκτυο με εναλλακτικούς τρόπους
ST,21,https://ebooksdl.cti.gr/view?item=20.500.14040/11380,Βίντεο-Εναλλακτική διαδικτυακή αναζήτηση,4,Ψηφιακός γραμματισμός,Εντοπισμός περιεχομένου στο διαδίκτυο με εναλλακτικούς τρόπους
ST,21,https://ebooksdl.cti.gr/view?item=20.500.14040/11378,Παρουσίαση-Άδειες Creative commons,4,Ψηφιακός γραμματισμός,Εντοπισμός περιεχομένου στο διαδίκτυο με εναλλακτικούς τρόπους
ST,22,https://ebooksdl.cti.gr/view?item=20.500.14040/11382,Παρουσίαση-Δημιουργία ιστολογίου στο ΠΣΔ,4,Ψηφιακός γραμματισμός,Συμμετοχή - δημιουργία - διαχείριση συζήτησης
ST,22,https://ebooksdl.cti.gr/view?item=20.500.14040/11387,"Συμπλήρωση κενών-Συμμετοχή, δημιουργία, διαχείριση συζήτησης",4,Ψηφιακός γραμματισμός,Συμμετοχή - δημιουργία - διαχείριση συζήτησης
ST,22,https://ebooksdl.cti.gr/view?item=20.500.14040/11386,Παρουσίαση -Κανόνες διαδικτυακών συζητήσεων,4,Ψηφιακός γραμματισμός,Συμμετοχή - δημιουργία - διαχείριση συζήτησης
ST,23,https://ebooksdl.cti.gr/view?item=20.500.14040/11382,Δημιουργία ιστολογίου στο ΠΣΔ,4,Ψηφιακός γραμματισμός,Διαχείριση αναρτήσεων σε ιστολόγια
ST,23,https://ebooksdl.cti.gr/view?item=20.500.14040/11390,Παρουσίαση-Επιτρεπόμενα αρχεία στο ΠΣΔ,4,Ψηφιακός γραμματισμός,Διαχείριση αναρτήσεων σε ιστολόγια
ST,23,https://ebooksdl.cti.gr/view?item=20.500.14040/11375,Παρουσίαση- Υλικό από άλλες σελίδες,4,Ψηφιακός γραμματισμός,Διαχείριση αναρτήσεων σε ιστολόγια
ST,23,https://ebooksdl.cti.gr/view?item=20.500.14040/11372,Συμπλήρωση κενών-Διαχείριση άρθρων ιστολογίου,4,Ψηφιακός γραμματισμός,Διαχείριση αναρτήσεων σε ιστολόγια
ST,25,https://ebooksdl.cti.gr/view?item=20.500.14040/11374,Βίντεο-Επεξεργασία πίνακα εγγράφου,4,Ψηφιακός γραμματισμός,Σύνθετες δυνατότητες του επεξεργαστή κειμένου – Διαφορά μεταξύ εγγράφου και παρουσίασης
ST,25,https://ebooksdl.cti.gr/view?item=20.500.14040/11370,Βίντεο-Χρήση πίνακα εγγράφου,4,Ψηφιακός γραμματισμός,Σύνθετες δυνατότητες του επεξεργαστή κειμένου – Διαφορά μεταξύ εγγράφου και παρουσίασης
ST,25,https://ebooksdl.cti.gr/view?item=20.500.14040/11371,Βίντεο-Χρήση πλαισίων κειμένου,4,Ψηφιακός γραμματισμός,Σύνθετες δυνατότητες του επεξεργαστή κειμένου – Διαφορά μεταξύ εγγράφου και παρουσίασης
ST,25,https://ebooksdl.cti.gr/view?item=20.500.14040/11373,Βίντεο-Αλλαγή μεγέθους σελίδας,4,Ψηφιακός γραμματισμός,Σύνθετες δυνατότητες του επεξεργαστή κειμένου – Διαφορά μεταξύ εγγράφου και παρουσίασης
ST,25,https://ebooksdl.cti.gr/view?item=20.500.14040/11385,"Ερωτήσεις σωστού/λάθους-Επεξεργασία, διαχείριση εγγράφων",4,Ψηφιακός γραμματισμός,Σύνθετες δυνατότητες του επεξεργαστή κειμένου – Διαφορά μεταξύ εγγράφου και παρουσίασης
ST,27,https://ebooksdl.cti.gr/view?item=20.500.14040/11379,Βίντεο- Υπηρεσία βίντεο ΠΣΔ,4,Ψηφιακός γραμματισμός,Χρήση υπηρεσιών βίντεο
ST,27,https://ebooksdl.cti.gr/view?item=20.500.14040/11377,"Παζλ-Εφαρμογές, μέσα, υπηρεσίες",4,Ψηφιακός γραμματισμός,Χρήση υπηρεσιών βίντεο
ST,28,https://ebooksdl.cti.gr/view?item=20.500.14040/11365,Παρουσίαση Διαδραστική-Ψηφιακές δημόσιες υπηρεσίες,5,Ψηφιακές τεχνολογίες και κοινωνί α,Βασικές ψηφιακές υπηρεσίες στη ζωή μας
ST,28,https://ebooksdl.cti.gr/view?item=20.500.14040/11367,Εικόνα διαδραστική-Τεχνητή νοημοσύνη και καθημερινή ζωή,5,Ψηφιακές τεχνολογίες και κοινωνί α,Βασικές ψηφιακές υπηρεσίες στη ζωή μας
ST,29,https://ebooksdl.cti.gr/view?item=20.500.14040/11364,Βίντεο-Τα προσωπικά δεδομένα και ο ΓΚΠΔ/GDPR,5,Ψηφιακές τεχνολογίες και κοινωνί α,Τα προσωπικά δεδομένα και ο Γενικός Κανονισμός για την Προστασία Δεδομένων (ΓΚΠΔ/GDPR) της Ευρωπαϊκής Ένωσης (ΕΕ) - Δυσλειτουργικές διαδικτυακές συμπεριφορές
ST,29,https://ebooksdl.cti.gr/view?item=20.500.14040/11421,Βίντεο-Δυσλειτουργικές διαδικτυακές συμπεριφορές,5,Ψηφιακές τεχνολογίες και κοινωνί α,Τα προσωπικά δεδομένα και ο Γενικός Κανονισμός για την Προστασία Δεδομένων (ΓΚΠΔ/GDPR) της Ευρωπαϊκής Ένωσης (ΕΕ) - Δυσλειτουργικές διαδικτυακές συμπεριφορές
ST,29,https://ebooksdl.cti.gr/view?item=20.500.14040/11368,Τεστ αξιολόγησης-Διαδικτυακή αποπλάνηση,5,Ψηφιακές τεχνολογίες και κοινωνί α,Τα προσωπικά δεδομένα και ο Γενικός Κανονισμός για την Προστασία Δεδομένων (ΓΚΠΔ/GDPR) της Ευρωπαϊκής Ένωσης (ΕΕ) - Δυσλειτουργικές διαδικτυακές συμπεριφορές
ST,30,https://ebooksdl.cti.gr/view?item=20.500.14040/11419,Βίντεο-Το σύστημα PEGI,5,Ψηφιακές τεχνολογίες και κοινωνί α,Το δημιουργικό διαδίκτυο ως εναλλακτικό εργαλείο μάθησης και ψυχαγωγίας
ST,30,https://ebooksdl.cti.gr/view?item=20.500.14040/11367,Εικόνα διαδραστική-Τεχνητή νοημοσύνη και καθημερινή ζωή,5,Ψηφιακές τεχνολογίες και κοινωνί α,Το δημιουργικό διαδίκτυο ως εναλλακτικό εργαλείο μάθησης και ψυχαγωγίας
